data/rtf-2017-09/uucfylkorrncfpsr.x;1
data/rtf-2017-09/jhlkamqufbkmvstm.x;1
data/rtf-2017-09/qvugxdebbptotumi.x;1
data/rtf-2017-09/xtidxyjzbifscaxo.x;0
data/rtf-2017-09/nhpahkokpmcxqjhp.x;0
data/rtf-2017-09/ylfkjwjhdlrgfpxw.x;0
data/rtf-2017-09/bcyvhnwudeumkane.x;0
data/rtf-2017-09/nhliuapcmfogovmu.x;1
data/rtf-2017-09/wyavgbqozcpgewrf.x;0
data/rtf-2017-09/qmgrdeppweepeaqr.x;1
data/rtf-2017-09/jgkfitqrttskzhci.x;1
data/rtf-2017-09/ztxeanoujcomheek.x;1
data/rtf-2017-09/fajxaafwkskkrirm.x;0
data/rtf-2017-09/tfykvhodacfsxpzp.x;1
data/rtf-2017-09/ntzfkmyxuikxhrlv.x;1
data/rtf-2017-09/qxdvjypwtzplsosh.x;0
data/rtf-2017-09/totuvjiedcytfddx.x;0
data/rtf-2017-09/vfowsmumhwffrnew.x;0
data/rtf-2017-09/gfqbhcurlxxfgksx.x;0
data/rtf-2017-09/vutdsyclhxrsrhlf.x;1
data/rtf-2017-09/ghjlsgpospzzobli.x;0
data/rtf-2017-09/puyduliqlizqvzkk.x;1
data/rtf-2017-09/pjmdalnveruczxuq.x;0
data/rtf-2017-09/gwzcabpwubemsziz.x;0
data/rtf-2017-09/ofmvxcyhejbdecao.x;1
data/rtf-2017-09/kulqxwmkbykqsemk.x;0
data/rtf-2017-09/uyazwszdtdbccnic.x;1
data/rtf-2017-09/emlgzrmueyvippss.x;1
data/rtf-2017-09/hitdjowkyjhfurbh.x;0
data/rtf-2017-09/scqjrnsphhkilxov.x;0
data/rtf-2017-09/nbeosctpeewvgtgw.x;1
data/rtf-2017-09/akmhdonpytaqgwfm.x;0
data/rtf-2017-09/rohvlejxrvcxxgnf.x;0
data/rtf-2017-09/llpnhdspsadnqset.x;1
data/rtf-2017-09/gizfgtagxpfdhhwg.x;1
data/rtf-2017-09/nwrownufslvlxsdj.x;0
data/rtf-2017-09/zuhnzplmpvbaxkyf.x;0
data/rtf-2017-09/eqcvbbvnmkojabqi.x;0
data/rtf-2017-09/qikqmikbdzwpnrjy.x;0
data/rtf-2017-09/efbakuslkyoildkp.x;0
data/rtf-2017-09/hxcrgirnvjxixatg.x;1
data/rtf-2017-09/dgcvspchskkgalmd.x;0
data/rtf-2017-09/xyttsiuaihiaojej.x;1
data/rtf-2017-09/rykeixcnyyxdzhmw.x;1
data/rtf-2017-09/orplwwfswcrhrmkb.x;0
data/rtf-2017-09/unzdoezlhnwhlsvt.x;1
data/rtf-2017-09/hzsetugxyolgryhm.x;1
data/rtf-2017-09/elyvkkwuqajsreno.x;1
data/rtf-2017-09/apzvmnmcobbgxqcj.x;1
data/rtf-2017-09/chmqdzygpxmtfirm.x;1
data/rtf-2017-09/htungpnlvjacbdla.x;1
data/rtf-2017-09/flreuzetoonnyuzh.x;0
data/rtf-2017-09/xftxzpyimabxwgrt.x;1
data/rtf-2017-09/hnhkrmojkfusdiqx.x;0
data/rtf-2017-09/hjndqvrddseebirg.x;0
data/rtf-2017-09/iqnuvebihzbnvevq.x;1
data/rtf-2017-09/lcbmsnspkgdkcqej.x;1
data/rtf-2017-09/twqkfchfbdrzvrrk.x;1
data/rtf-2017-09/dvtzjsywxxyfzsni.x;1
data/rtf-2017-09/gfxdcxusbzmmrycl.x;0
data/rtf-2017-09/kipvthujwcbdkwzq.x;0
data/rtf-2017-09/qejiuujssnhsvusc.x;0
data/rtf-2017-09/xrdcohimuebkcqgr.x;0
data/rtf-2017-09/ttbuewuqxcwoobri.x;0
data/rtf-2017-09/xsfsrywcavgeobuk.x;0
data/rtf-2017-09/zpirqooopatsjjep.x;0
data/rtf-2017-09/jzlkpgktttgkmvqp.x;1
data/rtf-2017-09/mlrcjaazuzheuaho.x;1
data/rtf-2017-09/ehdlmjfkbcixjoru.x;1
data/rtf-2017-09/niaouhbkcjxczuzc.x;0
data/rtf-2017-09/trluxvayashiostv.x;1
data/rtf-2017-09/mrsylmvacunpnaeg.x;1
data/rtf-2017-09/ansbcspbahhmwhrz.x;1
data/rtf-2017-09/urtyrfvhwjfjptun.x;0
data/rtf-2017-09/zltktsghvhtowhrs.x;1
data/rtf-2017-09/szrmhvhiuaktxvkj.x;0
data/rtf-2017-09/lofhzhvdjcjbisnr.x;0
data/rtf-2017-09/caphowzjryuohfst.x;0
data/rtf-2017-09/aagxsnlsqujyoonf.x;0
data/rtf-2017-09/vfthtisbgcebeaya.x;0
data/rtf-2017-09/phvjdajayngddmdg.x;1
data/rtf-2017-09/srcnviybctxdxrtc.x;1
data/rtf-2017-09/zdpeidgosuipelwf.x;1
data/rtf-2017-09/vevzixpxaiavehbo.x;1
data/rtf-2017-09/mtqeitppkyhydblu.x;0
data/rtf-2017-09/hmpbomowztvmihbt.x;1
data/rtf-2017-09/yfqiuvpiupdpigyp.x;1
data/rtf-2017-09/gmlwvzuhyjbrqtme.x;1
data/rtf-2017-09/wxuyqyhzpihddvfy.x;1
data/rtf-2017-09/zabbfywbsuvcqtbu.x;0
data/rtf-2017-09/vqdogchbpgvgknjh.x;0
data/rtf-2017-09/dgwnlkfbwfwurrju.x;0
data/rtf-2017-09/zoplghroywhwenob.x;0
data/rtf-2017-09/utpbmhvngeoicqxk.x;0
data/rtf-2017-09/oglmsrcnoxtimegu.x;1
data/rtf-2017-09/cxdaqklzrsefjpnb.x;0
data/rtf-2017-09/tegifsjckitrgikj.x;1
data/rtf-2017-09/qkfqsfklcxwpfrqx.x;0
data/rtf-2017-09/emcqbheubkpxbiqa.x;1
data/rtf-2017-09/bqzywvkoogoxigch.x;0
data/rtf-2017-09/dbsybqrpisvcusbd.x;1
data/rtf-2017-09/elfodxieinbxbaot.x;0
data/rtf-2017-09/wwfhhilqhnwmolot.x;0
data/rtf-2017-09/ncooowtvwrhqqvvn.x;0
data/rtf-2017-09/kvyapulccdwltput.x;0
data/rtf-2017-09/rrlekarrfujbmxew.x;1
data/rtf-2017-09/rvcjsdhcttrvduxe.x;1
data/rtf-2017-09/occvlgkgisijpugn.x;0
data/rtf-2017-09/wybyrttstwkaspcl.x;1
data/rtf-2017-09/oafozysxjzdyhpgm.x;1
data/rtf-2017-09/zkoulrzcexxzjccz.x;0
data/rtf-2017-09/fmbybimfxlyzcrdu.x;0
data/rtf-2017-09/lzphvgkkvjtohggy.x;1
data/rtf-2017-09/wuuysmaucsxfwnzc.x;1
data/rtf-2017-09/mttvlnshployihit.x;0
data/rtf-2017-09/mbcatdvptgftlcjr.x;1
data/rtf-2017-09/xoxcwqjgyiqqaily.x;0
data/rtf-2017-09/bpyopudzbpusznva.x;1
data/rtf-2017-09/gfdjumsuivbsjwjr.x;0
data/rtf-2017-09/litxzjjdoxhdqzpm.x;1
data/rtf-2017-09/kjyhetwcxdwpwqcq.x;1
data/rtf-2017-09/smdgvbooqlkikyne.x;0
data/rtf-2017-09/duxajsiflswpxfmw.x;1
data/rtf-2017-09/cehhaofoufihylmk.x;1
data/rtf-2017-09/vlwfxaibeyghbejj.x;1
data/rtf-2017-09/blwgaweuxjxfutyj.x;0
data/rtf-2017-09/evyqkrlyixpimbhw.x;0
data/rtf-2017-09/ktifffqfzfamgjeg.x;1
data/rtf-2017-09/gluocshybgzfkczv.x;1
data/rtf-2017-09/gwhsyfgsjmhalbvr.x;1
data/rtf-2017-09/dwiitzeudtszgiuw.x;0
data/rtf-2017-09/xsagurzlmtdoahvd.x;1
data/rtf-2017-09/cqyeqawgfixarxug.x;0
data/rtf-2017-09/jtqefrpcbpawwmtn.x;0
data/rtf-2017-09/sycvelporzwdhxqu.x;1
data/rtf-2017-09/rzlsmvmzwojieidd.x;0
data/rtf-2017-09/wrvqnyudriruvnnc.x;0
data/rtf-2017-09/ktdswuiujkaqybte.x;1
data/rtf-2017-09/hyqxmpqlfvvywzho.x;0
data/rtf-2017-09/ygzrjydflprictza.x;1
data/rtf-2017-09/rrthwpnjsoykrpef.x;0
data/rtf-2017-09/wamwfdzyndxdnuqg.x;0
data/rtf-2017-09/gllxvcbermkblnfd.x;1
data/rtf-2017-09/hvickgerqxfqyhvz.x;1
data/rtf-2017-09/isfadmwjewfzobpu.x;0
data/rtf-2017-09/jhqecgdpnoyoqzyy.x;1
data/rtf-2017-09/fvlqospxdfpefldv.x;0
data/rtf-2017-09/rgkcktzjeljqywek.x;0
data/rtf-2017-09/fqppirfwyptojrmk.x;0
data/rtf-2017-09/gfbwgvmjfsrlzbzg.x;0
data/rtf-2017-09/qaiufqizlqdyflor.x;1
data/rtf-2017-09/vuoazfvxoesatslu.x;0
data/rtf-2017-09/xhzgzvnoydfuuavc.x;0
data/rtf-2017-09/zvprccrzicgisdnl.x;0
data/rtf-2017-09/flykznsoggpebwpa.x;0
data/rtf-2017-09/ukrejusjugvuygaq.x;0
data/rtf-2017-09/bhqskfkkwclbkrhz.x;0
data/rtf-2017-09/slhavsnjdawbtdnm.x;0
data/rtf-2017-09/asckphglgkxsxxoz.x;0
data/rtf-2017-09/qsvzhxsdjplxwepk.x;0
data/rtf-2017-09/ggdduzezppbcqgsv.x;1
data/rtf-2017-09/zlkgglwzpemsfdiv.x;0
data/rtf-2017-09/hizqexwmxoaqsesc.x;0
data/rtf-2017-09/abeewwgtolbtofpm.x;0
data/rtf-2017-09/axirnlyrcmwfsjzn.x;0
data/rtf-2017-09/itbptvaspgqwoizo.x;0
data/rtf-2017-09/oqrbqnktqbdwviii.x;1
data/rtf-2017-09/rdifgrmqbnyxteto.x;0
data/rtf-2017-09/wqjimlxnhuxzmhtx.x;1
data/rtf-2017-09/asqqrhcbxndlwnbg.x;0
data/rtf-2017-09/mextbqasbttsqsjv.x;0
data/rtf-2017-09/qqzxuqhsnrxgxqws.x;1
data/rtf-2017-09/vixiwlfuprnleoyo.x;1
data/rtf-2017-09/wcgfwsesqqvjqngg.x;0
data/rtf-2017-09/sgiqcudvypvkwadl.x;0
data/rtf-2017-09/mijxszdmrpswmazi.x;0
data/rtf-2017-09/xddchfmplkcphout.x;0
data/rtf-2017-09/bqqlpacalavhezdb.x;0
data/rtf-2017-09/dtsrzjkbazzwiofi.x;1
data/rtf-2017-09/qbdbxtcssvolsfnq.x;1
data/rtf-2017-09/hmoinzocdlqdckqa.x;1
data/rtf-2017-09/rgvdqnmhssqarnra.x;0
data/rtf-2017-09/shmdvtebeuiakmjp.x;0
data/rtf-2017-09/lneyufkxkshbwgwr.x;1
data/rtf-2017-09/ptgqznntxkfwtqvc.x;0
data/rtf-2017-09/fqlfkrlqbyjsmkej.x;0
data/rtf-2017-09/vtamnzvuiygbhsak.x;0
data/rtf-2017-09/ofhkgufmvfrlvjzt.x;0
data/rtf-2017-09/kkvhxcjamlavwoqn.x;0
data/rtf-2017-09/ytoylquzohijiocc.x;1
data/rtf-2017-09/aipdqljfjtvchrus.x;0
data/rtf-2017-09/ruxjnggtxnkdilvn.x;1
data/rtf-2017-09/tcmunmcwcbndaqch.x;1
data/rtf-2017-09/dozmetzragqeqlyo.x;1
data/rtf-2017-09/zmxkfbkmphilonzf.x;1
data/rtf-2017-09/gxbhskurzqnyfyei.x;1
data/rtf-2017-09/mslhnoxqzfkxbjee.x;0
data/rtf-2017-09/aqfgqgtbyoblqcjv.x;0
data/rtf-2017-09/uzmlosgaunjtmlul.x;0
data/rtf-2017-09/bsqvxuflpogfpzkz.x;0
data/rtf-2017-09/moyrpjywvreaeypt.x;1
data/rtf-2017-09/gsfngeixzhguuaut.x;0
data/rtf-2017-09/ytudruwwrmnjhtph.x;1
data/rtf-2017-09/bpvahvvmmbmwayqg.x;0
data/rtf-2017-09/zuwyydfmqsspdxzt.x;1
data/rtf-2017-09/qfapkszlndsrfujg.x;1
data/rtf-2017-09/ypddusuwdkayrnhw.x;0
data/rtf-2017-09/wkofyzybhbhxcknp.x;0
data/rtf-2017-09/emdjipssoimflazf.x;1
data/rtf-2017-09/ojqtkhnlcsvdwzvd.x;0
data/rtf-2017-09/jbkidwnaxsibdodm.x;1
data/rtf-2017-09/clsbcbwgxypaybzq.x;1
data/rtf-2017-09/svquazhrpvhakaiu.x;0
data/rtf-2017-09/qidibgtztdjovwjj.x;0
data/rtf-2017-09/rtuzswuntuikehjg.x;1
data/rtf-2017-09/muwrcdaeguwbmuey.x;1
data/rtf-2017-09/cvxrdemfcxbigkaz.x;0
data/rtf-2017-09/lucqjhccwcispcun.x;0
data/rtf-2017-09/rsruzqodzmjrjujo.x;1
data/rtf-2017-09/zcevykhpabexkxqn.x;0
data/rtf-2017-09/wggfltgrepzxvlll.x;0
data/rtf-2017-09/ehfqugzcynqzngjz.x;0
data/rtf-2017-09/zyqjngayxtzzftzv.x;0
data/rtf-2017-09/fnogkxxkgraicesf.x;1
data/rtf-2017-09/nayezmlefajtqviw.x;1
data/rtf-2017-09/sxkceojatelvezex.x;1
data/rtf-2017-09/tukosvvahkzbrgll.x;1
data/rtf-2017-09/lasxsohwysxpforl.x;0
data/rtf-2017-09/qjissnipcxbitssw.x;1
data/rtf-2017-09/lwqkazgavuuwmkrl.x;0
data/rtf-2017-09/jnaqqieulnqlsrvn.x;1
data/rtf-2017-09/zfsaulctqqxmfbsl.x;1
data/rtf-2017-09/wfbrtplnksjzwciw.x;1
data/rtf-2017-09/rxeuemlnhzqwgftv.x;0
data/rtf-2017-09/zonxpzislzrxtquf.x;0
data/rtf-2017-09/nodzxtdsvqteqtbd.x;1
data/rtf-2017-09/lmaufgsfkhpiydpc.x;1
data/rtf-2017-09/lkpsyiiocesbmsig.x;0
data/rtf-2017-09/msrcjycpkkhsiloe.x;0
data/rtf-2017-09/vxuvhfkdgqsyyash.x;0
data/rtf-2017-09/msdzjazxprvqhutz.x;1
data/rtf-2017-09/agwzmflnvhofyjql.x;1
data/rtf-2017-09/bjkuvprfebjdsbep.x;0
data/rtf-2017-09/wjgdxkrnfrfdkwvm.x;1
data/rtf-2017-09/kgnwjumaydjzhoiw.x;1
data/rtf-2017-09/anojmedcbjfdsxfs.x;0
data/rtf-2017-09/bnwzbdrmqscsrenx.x;1
data/rtf-2017-09/gzxhepmaocuefndb.x;1
data/rtf-2017-09/iuvdmtfmxglbsxes.x;0
data/rtf-2017-09/krmcxqothmwmzukc.x;1
data/rtf-2017-09/songczyoiykaqzth.x;1
data/rtf-2017-09/azllasqseidemvbz.x;0
data/rtf-2017-09/fsptojetbksyxttn.x;0
data/rtf-2017-09/eymwrbtefebmzqrx.x;0
data/rtf-2017-09/ormacuoarvzprlpd.x;0
data/rtf-2017-09/daymppjoslwdantc.x;0
data/rtf-2017-09/ayrjflstnficuaek.x;0
data/rtf-2017-09/zjubrvwzjafanvod.x;0
data/rtf-2017-09/sfnbzioetwvkfknl.x;1
data/rtf-2017-09/cynkososaccvnwtk.x;0
data/rtf-2017-09/oragaquqnbtnncvy.x;0
data/rtf-2017-09/tdocxctiwyjmceyo.x;1
data/rtf-2017-09/ubcxcxneyqmuxser.x;0
data/rtf-2017-09/bfmymthjnabelyua.x;0
data/rtf-2017-09/dmzuxdburxmdxrsk.x;1
data/rtf-2017-09/jpnemqfwehspxpyn.x;0
data/rtf-2017-09/lxuzgyyihjyicymc.x;1
data/rtf-2017-09/tkieqfjohexeidul.x;0
data/rtf-2017-09/huhwltizrpinsphm.x;1
data/rtf-2017-09/wjzjqqhxfmivntui.x;0
data/rtf-2017-09/wojcexogwxisuioy.x;0
data/rtf-2017-09/phqsatyapzbfofwn.x;1
data/rtf-2017-09/xclecmpsknzdnmdv.x;0
data/rtf-2017-09/hskmkffqtfuwcvsa.x;1
data/rtf-2017-09/lmmllwerppmtquik.x;1
data/rtf-2017-09/nrbnuiwnndizqkfi.x;1
data/rtf-2017-09/pazyiucxcqxijccu.x;0
data/rtf-2017-09/ibktxcibogwpuwch.x;0
data/rtf-2017-09/miurfbnlmpphzyto.x;0
data/rtf-2017-09/mmwitwawacznknrt.x;0
data/rtf-2017-09/qhlsinntwrpzmaol.x;1
data/rtf-2017-09/pcipkzmezwjswshu.x;0
data/rtf-2017-09/jexyogdtekzrxqam.x;0
data/rtf-2017-09/kzigaculjomgpnuz.x;1
data/rtf-2017-09/jcpewvddmowplaup.x;1
data/rtf-2017-09/rsoqxfivesypvxyj.x;0
data/rtf-2017-09/kyhtbqxglbjoogbw.x;0
data/rtf-2017-09/khsadpvddlwgalcs.x;1
data/rtf-2017-09/panvtlsdkgeflsbs.x;1
data/rtf-2017-09/xxhosvirbbkoakub.x;1
data/rtf-2017-09/hadbanzevdmvdrhf.x;0
data/rtf-2017-09/axnkigtjqhnwnbso.x;1
data/rtf-2017-09/afrsgapteftowaag.x;0
data/rtf-2017-09/xmdmvozvgzshyqle.x;0
data/rtf-2017-09/xrgxilcmpbeadbpf.x;1
data/rtf-2017-09/nylwzbgakyfchwob.x;1
data/rtf-2017-09/cuijaznhkrlpprll.x;1
data/rtf-2017-09/cyvaykxpotufzbnb.x;1
data/rtf-2017-09/mkzghyxodrtqagwh.x;0
data/rtf-2017-09/jxrqoijmvyycxdad.x;1
data/rtf-2017-09/ntdjjwfrzhfjnnqp.x;0
data/rtf-2017-09/jpotrguuabappzti.x;0
data/rtf-2017-09/fesrtoftpmfsyrhe.x;1
data/rtf-2017-09/jfdgasjngwcksvtj.x;0
data/rtf-2017-09/viinnlbbbsfkxyyw.x;1
data/rtf-2017-09/iupyierpuakprkit.x;1
data/rtf-2017-09/tlpohjqaijpctwvs.x;0
data/rtf-2017-09/uxwlqckcmsiokhek.x;0
data/rtf-2017-09/ldqmwjumjauflpyl.x;0
data/rtf-2017-09/gftoxyogfwuxvoow.x;0
data/rtf-2017-09/gkcpbmqvctotdjmu.x;0
data/rtf-2017-09/wxkptvtetyiqezea.x;0
data/rtf-2017-09/nyfgtxlseczaossx.x;0
data/rtf-2017-09/pgzquogsofdujccc.x;1
data/rtf-2017-09/yndxtvujkkkuqqua.x;1
data/rtf-2017-09/rayliloduxgvjcma.x;1
data/rtf-2017-09/wszezsfpjaysabwu.x;0
data/rtf-2017-09/ddslhupsugssiixs.x;0
data/rtf-2017-09/qtmwggnuptytvdbx.x;0
data/rtf-2017-09/wouvgrffdzymgihn.x;1
data/rtf-2017-09/ejxvsuhjbfhedypy.x;1
data/rtf-2017-09/miunctpmguywmawk.x;0
data/rtf-2017-09/qhawhclfiopkcjwv.x;0
data/rtf-2017-09/cktcnwdeajsvrkoi.x;1
data/rtf-2017-09/euhgsuzqnqmrihcw.x;0
data/rtf-2017-09/emidgvgtgjbslxnm.x;1
data/rtf-2017-09/trubabhwpsfqasgp.x;0
data/rtf-2017-09/frbmgyrpfgkfeowk.x;1
data/rtf-2017-09/ywewuzlgvtwcyhag.x;0
data/rtf-2017-09/ycewjmfgqjrkpaqt.x;0
data/rtf-2017-09/lkskkxheozvrrnek.x;0
data/rtf-2017-09/nccdwlyreepybjsg.x;0
data/rtf-2017-09/hvvycihehwubabgp.x;1
data/rtf-2017-09/sxuflvyhljloxuyx.x;0
data/rtf-2017-09/wxwgzryginsjhuam.x;0
data/rtf-2017-09/exdozjisradkjztc.x;0
data/rtf-2017-09/gbvgttxugpaqhdsw.x;0
data/rtf-2017-09/uvnalkzosteedygr.x;0
data/rtf-2017-09/mroxqegdvqywhrxv.x;1
data/rtf-2017-09/tlftjwqrczuhkzct.x;0
data/rtf-2017-09/pvnuwiwxsriypcwd.x;0
data/rtf-2017-09/gkxvvkydpepdfege.x;1
data/rtf-2017-09/pwnpxbbyiwqlyopk.x;0
data/rtf-2017-09/eqhcvvxdebmnyous.x;0
data/rtf-2017-09/zotmerksmndzblzl.x;1
data/rtf-2017-09/lfcdkbuceizupssb.x;1
data/rtf-2017-09/jmqtmqcohpnfehdz.x;0
data/rtf-2017-09/nlwfxwgdoiauhxqm.x;1
data/rtf-2017-09/mrtoynwvywymrtci.x;0
data/rtf-2017-09/slzxijegdkshgfqi.x;1
data/rtf-2017-09/unpflydqoroiorxi.x;0
data/rtf-2017-09/ytkxknozunftoagg.x;1
data/rtf-2017-09/kikoqzcacvnehrwk.x;0
data/rtf-2017-09/htgfztqixkvzdted.x;0
data/rtf-2017-09/qnquleoqcgjravus.x;0
data/rtf-2017-09/ucgorhsreacpzsaj.x;0
data/rtf-2017-09/vtgncdvvtxmmzwco.x;0
data/rtf-2017-09/brcjrmxdagnjuopg.x;0
data/rtf-2017-09/mjjsigwhytdzhrrh.x;0
data/rtf-2017-09/tlvptttkdgalylpg.x;0
data/rtf-2017-09/rcihbfuljjjaxjuu.x;1
data/rtf-2017-09/volhpxkmtjgbzeuj.x;1
data/rtf-2017-09/uhzmjjvtwqqkwmuw.x;1
data/rtf-2017-09/veplqzchagbgblba.x;0
data/rtf-2017-09/ipcbdlthoyllnljy.x;0
data/rtf-2017-09/ajqyvrgusehfnzjl.x;0
data/rtf-2017-09/anhyvqksgtsdnvgt.x;0
data/rtf-2017-09/nvkghjodaruyjths.x;1
data/rtf-2017-09/dbxwmyyqbfzpnwhs.x;0
data/rtf-2017-09/kzxuytdrwohaygct.x;0
data/rtf-2017-09/coyvykhsqjwzjqvq.x;1
data/rtf-2017-09/quosxurzcvmwzbev.x;1
data/rtf-2017-09/efsojhxrdwfbxjsk.x;1
data/rtf-2017-09/vpjenrysgawecoxt.x;0
data/rtf-2017-09/pstrwtoanjjfheiz.x;0
data/rtf-2017-09/mtpruekevxjetqwo.x;0
data/rtf-2017-09/ofvwatzsoryxtytk.x;0
data/rtf-2017-09/myriibozrkofmbbi.x;1
data/rtf-2017-09/sutdxmkjsawutwth.x;1
data/rtf-2017-09/ioxquxsvwxqcywbs.x;0
data/rtf-2017-09/jfflnmcsgccaikjs.x;1
data/rtf-2017-09/kkzwbtybbidgfpto.x;0
data/rtf-2017-09/csongcudmqhbrtwy.x;0
data/rtf-2017-09/awmfbxnbylvflhus.x;0
data/rtf-2017-09/ylrpshvilzximekz.x;1
data/rtf-2017-09/juxeyxflgmgkqyev.x;0
data/rtf-2017-09/asqchlcxjkbodhkt.x;1
data/rtf-2017-09/nxuuukfabhokxldu.x;0
data/rtf-2017-09/xgwmrcwnucikhqtl.x;0
data/rtf-2017-09/mipzyltsfhaucsaz.x;0
data/rtf-2017-09/wxtxyybojurumomy.x;1
data/rtf-2017-09/grroszmcmmxfopyn.x;1
data/rtf-2017-09/kvytjowotovholjv.x;0
data/rtf-2017-09/dibmhowraxgwurnp.x;1
data/rtf-2017-09/dxqofaugbavdkovw.x;1
data/rtf-2017-09/epwyjbybmytakwgz.x;1
data/rtf-2017-09/ilzncrxewonmsrds.x;1
data/rtf-2017-09/kiptqnkzkdujklks.x;1
data/rtf-2017-09/ylbtiptqscyxnsrt.x;0
data/rtf-2017-09/mjnzrjtcywhplwkr.x;1
data/rtf-2017-09/dwacewnnsqrywurz.x;0
data/rtf-2017-09/wxqpvwzsogmqojlw.x;0
data/rtf-2017-09/okpxcnhaalrnlnxi.x;0
data/rtf-2017-09/iclzmfjufjqjktae.x;0
data/rtf-2017-09/oliylvnkmdpugfrw.x;0
data/rtf-2017-09/nszhppmxmjfmkuey.x;1
data/rtf-2017-09/hoelgoaujbbqlzbv.x;1
data/rtf-2017-09/aoqevruxkyosqodi.x;0
data/rtf-2017-09/mipqdiqrhywvessi.x;0
data/rtf-2017-09/iajctawttdytxhsq.x;1
data/rtf-2017-09/mpsvsiatcjpjjbps.x;1
data/rtf-2017-09/sxshypfwkpapzcmj.x;0
data/rtf-2017-09/vmdkjwxefjqhbctl.x;1
data/rtf-2017-09/nxaggqhieqrkpaqh.x;0
data/rtf-2017-09/mbvgrfbllgpqlodn.x;1
data/rtf-2017-09/quqtousdzvlxdaze.x;0
data/rtf-2017-09/axwydsszuufnbqfp.x;1
data/rtf-2017-09/nbjsheulewymntvq.x;0
data/rtf-2017-09/mzshathkvdneohwj.x;0
data/rtf-2017-09/vflsqddkxabjscnv.x;1
data/rtf-2017-09/npsbngflckcjhvqq.x;1
data/rtf-2017-09/euczggmyaqadajgf.x;0
data/rtf-2017-09/rwbmgudqojdmwqkn.x;1
data/rtf-2017-09/ezpncinvlfxmirck.x;1
data/rtf-2017-09/ttbntkpcndbzoywp.x;1
data/rtf-2017-09/mdphwokpjvwmdwfq.x;1
data/rtf-2017-09/pmtuiianwfdsjgaf.x;1
data/rtf-2017-09/mdctaplzgyskrcxu.x;1
data/rtf-2017-09/idubthlelrjlqcir.x;1
data/rtf-2017-09/zrozrjudrvgfdzcv.x;1
data/rtf-2017-09/itwjrlpfrheklqmh.x;1
data/rtf-2017-09/gcuuxuenjphedalf.x;0
data/rtf-2017-09/cfoxxfbvjzijabaw.x;1
data/rtf-2017-09/yxvlurdbccwpbvog.x;0
data/rtf-2017-09/srjmdtshfuawcbuv.x;0
data/rtf-2017-09/fnrhphrurkxjytyf.x;0
data/rtf-2017-09/xdvtsuhnpwgspxio.x;1
data/rtf-2017-09/wzbtuccxkrckyrsr.x;1
data/rtf-2017-09/vlldkkotsogtmawe.x;1
data/rtf-2017-09/mujjpnehswizvgwv.x;1
data/rtf-2017-09/zqseolrvqhdnumcc.x;0
data/rtf-2017-09/ziiapqkyrpsxzpyt.x;0
data/rtf-2017-09/onaxmtvzmocdwnyq.x;0
data/rtf-2017-09/yqlshkuyldnsdvws.x;0
data/rtf-2017-09/cbulhnrsiyprdkll.x;1
data/rtf-2017-09/fharcszskgimmmqd.x;0
data/rtf-2017-09/eevdypnwogphvzjv.x;1
data/rtf-2017-09/jdxhvgrchvvtgbnp.x;0
data/rtf-2017-09/vutxxqlewfgakpxg.x;1
data/rtf-2017-09/dmzpcdjbyhpyhpqb.x;0
data/rtf-2017-09/rfjvzypnbkigwhon.x;0
data/rtf-2017-09/ejfcxaqqvvxyvzoo.x;0
data/rtf-2017-09/fdpmbdodedskpgfn.x;1
data/rtf-2017-09/eljmbkxgvslqikej.x;1
data/rtf-2017-09/rrpezmxgqtlghgmc.x;1
data/rtf-2017-09/cyovdhsrkwpjowiy.x;1
data/rtf-2017-09/vcjqydqozwpjldld.x;1
data/rtf-2017-09/cbjpyzvbvdsqliwd.x;1
data/rtf-2017-09/bvtmmdyykelxrxag.x;0
data/rtf-2017-09/lbpvkohpmcbbdriy.x;1
data/rtf-2017-09/tcuytsoklefonqhe.x;1
data/rtf-2017-09/ckprwppntjlsmxoi.x;1
data/rtf-2017-09/srgpnbwwplpwyvyo.x;0
data/rtf-2017-09/etamghqswitoydto.x;1
data/rtf-2017-09/odshzjgkpixwsyun.x;0
data/rtf-2017-09/fpfaimnpjcqzexoe.x;0
data/rtf-2017-09/rxmnnqyeutjuurvd.x;0
data/rtf-2017-09/nmxkzebylhabluuw.x;0
data/rtf-2017-09/uoqjjltbaleybgvd.x;1
data/rtf-2017-09/raywviyztlzpvirf.x;1
data/rtf-2017-09/upmrptscnopkhocl.x;1
data/rtf-2017-09/elmtguxfkmnzwrdh.x;0
data/rtf-2017-09/dplepfrsltaraxvj.x;0
data/rtf-2017-09/jhwfrxrgzqdggtkp.x;1
data/rtf-2017-09/mwfaiwlqkkuyiakk.x;1
data/rtf-2017-09/hhcpgexbuqmyaseb.x;1
data/rtf-2017-09/mfwjbpxaxehbxkbz.x;1
data/rtf-2017-09/pepoupssrlxqkaqb.x;0
data/rtf-2017-09/fhgrryphhexoolth.x;1
data/rtf-2017-09/acrsgoinqlnhdibl.x;0
data/rtf-2017-09/uobqobtzmudhgiee.x;1
data/rtf-2017-09/qwoeabwrfnasnfyo.x;1
data/rtf-2017-09/mzetsmncdwkixugk.x;0
data/rtf-2017-09/xtjfbsjtyiihaoum.x;1
data/rtf-2017-09/kydmjdailuzzmnrx.x;0
data/rtf-2017-09/lveasrfixueiqfyc.x;0
data/rtf-2017-09/hcxgjgkkmdiiiuei.x;1
data/rtf-2017-09/merpxwwrhqrrimiy.x;0
data/rtf-2017-09/pxjtlhnfzecbwyov.x;0
data/rtf-2017-09/dcdrkdeljnhjbudm.x;1
data/rtf-2017-09/wdresrpjnjweqhyk.x;1
data/rtf-2017-09/axgttarnnpwdbfwn.x;1
data/rtf-2017-09/ugnluyxkeavtxpzu.x;1
data/rtf-2017-09/yykdmnuvcslvogyq.x;1
data/rtf-2017-09/omkorbcqsquhoukc.x;1
data/rtf-2017-09/zzuzbrpjmtvuoouq.x;0
data/rtf-2017-09/uozetzomiyshepcu.x;1
data/rtf-2017-09/jhrwjeohlcmqzwxy.x;1
data/rtf-2017-09/eztlyiritctcwrkx.x;0
data/rtf-2017-09/azisibsioewxpvzg.x;0
data/rtf-2017-09/bytrtwypugahzmsc.x;1
data/rtf-2017-09/vytnmgpkqfiswgbd.x;0
data/rtf-2017-09/magdgivvzvlgyuxp.x;1
data/rtf-2017-09/htocvrtrsxwpcslg.x;0
data/rtf-2017-09/vpdkvvujmkumpjse.x;0
data/rtf-2017-09/euyvrnmjwzqkpfon.x;0
data/rtf-2017-09/raywmznquznjyrii.x;1
data/rtf-2017-09/bxtmhelunrkgtcak.x;1
data/rtf-2017-09/xxjivuaqsxasktmy.x;0
data/rtf-2017-09/akzbmtfssovzliqs.x;1
data/rtf-2017-09/nfguaxgvcooiixny.x;0
data/rtf-2017-09/zpskqymwgikmupaw.x;1
data/rtf-2017-09/vxzjxuyenihtijcu.x;0
data/rtf-2017-09/fbxaoyabpmpicmzv.x;0
data/rtf-2017-09/yniygthvznvgdupr.x;1
data/rtf-2017-09/oqoqkcnjrenvtdea.x;1
data/rtf-2017-09/yxyhsdkmwutgnvvs.x;0
data/rtf-2017-09/nvayrlljxkketapz.x;1
data/rtf-2017-09/zjnqvumavsuwcrlt.x;1
data/rtf-2017-09/prjhmdrhkjdlcxha.x;0
data/rtf-2017-09/girxjxjkvpopcpap.x;1
data/rtf-2017-09/dmlnryzjlywznpwm.x;0
data/rtf-2017-09/innodziotdzwxioh.x;0
data/rtf-2017-09/udoazatrmhbsaail.x;0
data/rtf-2017-09/kphvwzbgedcntawo.x;1
data/rtf-2017-09/lickshwjzuyywhhb.x;0
data/rtf-2017-09/duderepdapsejyxs.x;1
data/rtf-2017-09/tnmequmuraeofnza.x;1
data/rtf-2017-09/adbzjvkyulxayngg.x;0
data/rtf-2017-09/twougiqxigqpkvku.x;1
data/rtf-2017-09/skpcwpxnmwuzqvdr.x;1
data/rtf-2017-09/abgwvbhnctoksroa.x;1
data/rtf-2017-09/ywxbrkifkkknxwrs.x;0
data/rtf-2017-09/zliscugtyrzpndqz.x;0
data/rtf-2017-09/uchbupstozzduntb.x;0
data/rtf-2017-09/eajtikyihfyqdwog.x;0
data/rtf-2017-09/fmbpjyafjvftczpd.x;0
data/rtf-2017-09/zurxuygilhuvemsv.x;1
data/rtf-2017-09/gliwdkbpdrrnasgd.x;1
data/rtf-2017-09/zndmeibncycgzawk.x;1
data/rtf-2017-09/idqrjjcodtbjytvf.x;1
data/rtf-2017-09/ycorzsltkbrdjmri.x;0
data/rtf-2017-09/ltiamntncoqpeigv.x;1
data/rtf-2017-09/gzzrgvyvydnhjgtm.x;1
data/rtf-2017-09/uirzolqwwqkftbpm.x;1
data/rtf-2017-09/dgxhshidznqmxnap.x;1
data/rtf-2017-09/zwkfjbwduhyfbjzt.x;1
data/rtf-2017-09/manifsyktcvjsepd.x;0
data/rtf-2017-09/wqgujfnamfszrqvk.x;1
data/rtf-2017-09/uslnseuipdwfhmtx.x;0
data/rtf-2017-09/dpfwoxfmfenyfugm.x;0
data/rtf-2017-09/oqpwhpmppvvrorih.x;1
data/rtf-2017-09/hicbnmjwhzoyydrn.x;0
data/rtf-2017-09/umpgveixypfemjtp.x;0
data/rtf-2017-09/raiqxhdyiajdgcds.x;0
data/rtf-2017-09/pjriwsdvchznwdgf.x;0
data/rtf-2017-09/fcsibmmfswpdmuov.x;0
data/rtf-2017-09/hvrvpzlwtitwabdm.x;0
data/rtf-2017-09/cxtdvbhwbhvofvzj.x;0
data/rtf-2017-09/qpiuoefypmgntquw.x;1
data/rtf-2017-09/ztczslpzkmdqghcm.x;1
data/rtf-2017-09/liiqumshpduvwvtr.x;1
data/rtf-2017-09/nwahjdlnqvjjglyw.x;1
data/rtf-2017-09/tuvecvbklrpdugky.x;1
data/rtf-2017-09/eknwqadokdvuuipe.x;1
data/rtf-2017-09/dsxgassebfyrgxar.x;0
data/rtf-2017-09/igdmprqyqhqnxiqc.x;1
data/rtf-2017-09/eytxmnxnbhmmxfuy.x;0
data/rtf-2017-09/vrxktqwpkfvrnfii.x;1
data/rtf-2017-09/ypoaltsqnqonuyin.x;0
data/rtf-2017-09/jwtsbfocupvucqwu.x;1
data/rtf-2017-09/euqvwcwmvortxbkx.x;0
data/rtf-2017-09/jabhnwjywqbnnrmf.x;0
data/rtf-2017-09/tozxtqhlyqdxggfs.x;0
data/rtf-2017-09/zigipgvqbghhotah.x;0
data/rtf-2017-09/trlsqgjjatvmskgj.x;0
data/rtf-2017-09/dfojgncelzhlkomz.x;0
data/rtf-2017-09/ecihjcmycgdhdeqe.x;0
data/rtf-2017-09/prvpaamkfhgzlzvt.x;0
data/rtf-2017-09/mzkksbuqahetyjez.x;1
data/rtf-2017-09/alhquiflzqbeuxum.x;0
data/rtf-2017-09/ijkhmvtyobguoncx.x;0
data/rtf-2017-09/uxltxpgiliomvjsp.x;0
data/rtf-2017-09/ektnvlkukhnprizx.x;0
data/rtf-2017-09/iuijvkgahuqlyptg.x;0
data/rtf-2017-09/lkggcinyxecvupta.x;0
data/rtf-2017-09/vnjohprjawplniwt.x;1
data/rtf-2017-09/fkiffjoqijhofyus.x;1
data/rtf-2017-09/bcbqdmrlodahoume.x;1
data/rtf-2017-09/zligbgionywvoneg.x;0
data/rtf-2017-09/yypjesbpuseiyziu.x;0
data/rtf-2017-09/okoztaipeqdxnugv.x;0
data/rtf-2017-09/pkfwtcixuekzonjj.x;0
data/rtf-2017-09/dbbtqrrxnnpvmayw.x;0
data/rtf-2017-09/rnzwdprdaeigugnx.x;0
data/rtf-2017-09/zfjflyrhccmunqon.x;0
data/rtf-2017-09/cgdqfuuuzdpagkxq.x;1
data/rtf-2017-09/dgmphtjhdeynftkb.x;1
data/rtf-2017-09/cmizrvfexxskhykh.x;1
data/rtf-2017-09/hiwwjezfbdjpiaeq.x;1
data/rtf-2017-09/scajmgasnsapwaja.x;1
data/rtf-2017-09/yujllrprkevrabtx.x;1
data/rtf-2017-09/viochmmmzuqyghjg.x;1
data/rtf-2017-09/mvnucrsakdzshmxf.x;1
data/rtf-2017-09/ebvwcjfulyeoxxlb.x;0
data/rtf-2017-09/yrqyldzyipmoutjw.x;1
data/rtf-2017-09/ilrcagzarncnvqbh.x;0
data/rtf-2017-09/ohycrywjasmqsxcu.x;0
data/rtf-2017-09/lwkkrtgsmoilrnca.x;1
data/rtf-2017-09/rracamtbscyyxfsc.x;0
data/rtf-2017-09/wuawogumqjumbgwv.x;1
data/rtf-2017-09/ubfybeaounonaydl.x;0
data/rtf-2017-09/iszakueedvixmnys.x;1
data/rtf-2017-09/uqpvhkmpmpnzebtf.x;1
data/rtf-2017-09/peacfugiaivnsrrm.x;0
data/rtf-2017-09/vzutmnlfrusoozyj.x;1
data/rtf-2017-09/vegxtonqensszquv.x;1
data/rtf-2017-09/hkpghvsvelzgtdas.x;0
data/rtf-2017-09/umnnflwcbgdctsgy.x;0
data/rtf-2017-09/azpzfskbxbzvmhqd.x;0
data/rtf-2017-09/tughkkmdmpjdqhvi.x;1
data/rtf-2017-09/tadcedhdzirpcpsi.x;0
data/rtf-2017-09/xwwnlcanpuzdtjew.x;0
data/rtf-2017-09/bapkbtucvvrknfww.x;1
data/rtf-2017-09/udbfehipkylbaith.x;0
data/rtf-2017-09/pajfdjgyudeyyspt.x;0
data/rtf-2017-09/hglovtwmrxrjuyrj.x;1
data/rtf-2017-09/ibfyjsaufpsbyiba.x;1
data/rtf-2017-09/neeeilutuzlvfiaj.x;1
data/rtf-2017-09/wcsprpthhaumnkez.x;0
data/rtf-2017-09/pchqvhctcwyqivab.x;1
data/rtf-2017-09/cfocjliciaupxujp.x;0
data/rtf-2017-09/mlqiliiydaojinbj.x;0
data/rtf-2017-09/fwbsdvwrxrfiwnpc.x;0
data/rtf-2017-09/sdsmkspwdbpfnbom.x;0
data/rtf-2017-09/utnqldufbyyxyweh.x;0
data/rtf-2017-09/bfukoohbfvopglww.x;1
data/rtf-2017-09/fpvvndxwxvflfuuh.x;1
data/rtf-2017-09/rqqwlrzqsppmavfa.x;1
data/rtf-2017-09/gkpioimjgnpqvzav.x;1
data/rtf-2017-09/wssswrpjlbbjbwlw.x;0
data/rtf-2017-09/zbtwfjctbkmljwcg.x;0
data/rtf-2017-09/mkotpmttswlgkwuc.x;1
data/rtf-2017-09/nbgrptaezndgyzkr.x;1
data/rtf-2017-09/ecvbnmzmjykuixny.x;1
data/rtf-2017-09/nyjdmlpqbftbttvh.x;0
data/rtf-2017-09/lonigfphgiyczqga.x;1
data/rtf-2017-09/jkoilocdrbowchmn.x;0
data/rtf-2017-09/wjqkshbnhkhdfwml.x;0
data/rtf-2017-09/kyfysisymaectirv.x;0
data/rtf-2017-09/ywebonjjmxpcvdma.x;0
data/rtf-2017-09/rkagdqbyyvivttul.x;0
data/rtf-2017-09/lszwcmnvwqnliaxu.x;0
data/rtf-2017-09/yyamnnlojtsgqpmu.x;1
data/rtf-2017-09/ocjozkhyyfjeuisd.x;1
data/rtf-2017-09/xlbwuniczldespzr.x;0
data/rtf-2017-09/ukjwjrrzoioyjdws.x;1
data/rtf-2017-09/pqpujcndwuxxdmxx.x;0
data/rtf-2017-09/htwshvxjtdrfficm.x;1
data/rtf-2017-09/cekpguacpyhscvgh.x;1
data/rtf-2017-09/kfjpgzywragwuewp.x;0
data/rtf-2017-09/larwjvvuelprhoor.x;0
data/rtf-2017-09/pnzkdwqcxsywhzwf.x;1
data/rtf-2017-09/szxwluvxqqwhbhaz.x;1
data/rtf-2017-09/pmyfcgvgkbrjnkrt.x;0
data/rtf-2017-09/qeithyknfjnlwgue.x;1
data/rtf-2017-09/ggrtresuiwhwwtnh.x;0
data/rtf-2017-09/ybwtvmskjpogegvf.x;1
data/rtf-2017-09/gwnsxgcaixkqlrjd.x;1
data/rtf-2017-09/qwwvqpaxwfzvvqxu.x;1
data/rtf-2017-09/sezoriagjhlupnct.x;0
data/rtf-2017-09/rfagabrvmoivdalv.x;1
data/rtf-2017-09/rfzykovrdvvyzvdp.x;0
data/rtf-2017-09/vnezozgyuhzlkbvd.x;0
data/rtf-2017-09/parfojwjblnnphpp.x;1
data/rtf-2017-09/xoyxpdsbpdcpkfyf.x;0
data/rtf-2017-09/nookvvjxhvvsduiy.x;0
data/rtf-2017-09/enktxqqanvbcpcpn.x;1
data/rtf-2017-09/csnzwxesqpgeille.x;1
data/rtf-2017-09/qqhzsdhngkfttjju.x;0
data/rtf-2017-09/zzdmnhuagvrmrchc.x;0
data/rtf-2017-09/wcnsedkazdrdqxcl.x;1
data/rtf-2017-09/pzhltkdhwkwxyaqx.x;1
data/rtf-2017-09/lcxhhyinksxktjqa.x;1
data/rtf-2017-09/vtntzkmmledrmuam.x;0
data/rtf-2017-09/ytajrsoremeaeedu.x;1
data/rtf-2017-09/mfvfpcykncyxwucz.x;0
data/rtf-2017-09/khlsckkrselcxthz.x;1
data/rtf-2017-09/xehctbapriobvgcx.x;0
data/rtf-2017-09/slfgqciimdhxktbe.x;0
data/rtf-2017-09/zedokqjcimgpjnyu.x;0
data/rtf-2017-09/mosjoamjtrwebbfe.x;0
data/rtf-2017-09/podesitdigiawsdx.x;0
data/rtf-2017-09/ptqibbirxvhhzjzn.x;1
data/rtf-2017-09/xegdqjcclikfwyft.x;0
data/rtf-2017-09/pxflevbskhoapqmp.x;1
data/rtf-2017-09/cucszwtshzjfbzcw.x;0
data/rtf-2017-09/touqujmegddyokpk.x;1
data/rtf-2017-09/lfjjhfjsposiahpx.x;0
data/rtf-2017-09/pjvtwiywnlflenft.x;0
data/rtf-2017-09/ccdbdbxzrbccjvly.x;1
data/rtf-2017-09/necrhobpjmqeuxnu.x;0
data/rtf-2017-09/xowyzmhsyuyiogke.x;1
data/rtf-2017-09/dpfjiiegxwxdvaxt.x;0
data/rtf-2017-09/vscvrpbjnezvlwnq.x;1
data/rtf-2017-09/rukmistuazdxxzez.x;1
data/rtf-2017-09/nrtofpczvdfxbaod.x;1
data/rtf-2017-09/kuqziaqxwkqscido.x;0
data/rtf-2017-09/hjffwozyfxaxdlep.x;0
data/rtf-2017-09/tsioyusilkzriuxy.x;1
data/rtf-2017-09/uigfkuhkuggynqte.x;0
data/rtf-2017-09/gcxbqipskshpflcw.x;0
data/rtf-2017-09/rbskmgwismwutvfx.x;1
data/rtf-2017-09/mgcjzbzcbbdydbre.x;0
data/rtf-2017-09/jmoxgifxdmqppeed.x;0
data/rtf-2017-09/xpkgcbaxopvewqae.x;1
data/rtf-2017-09/zsculgusnhzcikxj.x;0
data/rtf-2017-09/gclyadmswkxxexbl.x;1
data/rtf-2017-09/vehxjuescxqsdhnm.x;0
data/rtf-2017-09/dotldkcrdycwxzid.x;0
data/rtf-2017-09/wbkhnghwirvsjchu.x;0
data/rtf-2017-09/xlfvxmwduurmchyn.x;0
data/rtf-2017-09/judpdonhkoivnsgi.x;1
data/rtf-2017-09/fppnpycoemappelo.x;1
data/rtf-2017-09/fuhzjeaxmhaqsham.x;0
data/rtf-2017-09/cwihhsxwmkgvjpwr.x;1
data/rtf-2017-09/xxfdktpfvyaekwbb.x;0
data/rtf-2017-09/icxipdgmniqdmjvm.x;0
data/rtf-2017-09/csiydreotdnuneph.x;0
data/rtf-2017-09/yopgzftnabkbyidp.x;0
data/rtf-2017-09/trfpdaedeggkiwjy.x;1
data/rtf-2017-09/xwrnojtsyzkhfphi.x;0
data/rtf-2017-09/lqswyxxhihdtluls.x;1
data/rtf-2017-09/syeijvevcbhaujne.x;0
data/rtf-2017-09/dwfyzccqbnwvgxyc.x;1
data/rtf-2017-09/yvbyfkagkxavyhdc.x;0
data/rtf-2017-09/xebdlrpwejvsggiy.x;0
data/rtf-2017-09/epvlwrlthsyjpjgz.x;1
data/rtf-2017-09/yaqxwnlazwivrliw.x;0
data/rtf-2017-09/ocudalgcnawqtcyq.x;0
data/rtf-2017-09/wyposjldgnphahpt.x;1
data/rtf-2017-09/immdpmxdquacqtgu.x;0
data/rtf-2017-09/ezmrnaapaxkobory.x;1
data/rtf-2017-09/qokmkcxqyymwpcuz.x;1
data/rtf-2017-09/twygykytnnzzwukc.x;0
data/rtf-2017-09/pcxmghsvzenexqxc.x;1
data/rtf-2017-09/cgrlpamoimkpbeof.x;0
data/rtf-2017-09/urwfujvsllrrfrxo.x;0
data/rtf-2017-09/eapcufeoigrwfhnw.x;0
data/rtf-2017-09/myeqffuyzdyxghgb.x;0
data/rtf-2017-09/kxfcgaikaooxsfqt.x;1
data/rtf-2017-09/nbkiyjmsesqnqfyi.x;0
data/rtf-2017-09/nilgoyohmlgbzjql.x;1
data/rtf-2017-09/ltrotpacqspbpbvx.x;1
data/rtf-2017-09/rxjzgtezhjxqeluk.x;1
data/rtf-2017-09/jfkglljalkwbhvul.x;1
data/rtf-2017-09/bvrqkmpcfdlrfhxb.x;0
data/rtf-2017-09/txlndblwsgwqeenp.x;0
data/rtf-2017-09/mlaebwrcdjhuaumw.x;0
data/rtf-2017-09/ucepfyeoalawusby.x;0
data/rtf-2017-09/efvfydgzsvhdryto.x;0
data/rtf-2017-09/pezfocunyhvslcbz.x;0
data/rtf-2017-09/vuhsucwiwimqqpyd.x;1
data/rtf-2017-09/yoxkolscjzztevye.x;1
data/rtf-2017-09/oaeidlgqsxapnxik.x;1
data/rtf-2017-09/bbuwvtkzflhwngrn.x;1
data/rtf-2017-09/wrwfvfygtjklpwvk.x;0
data/rtf-2017-09/fmveymexhngivndi.x;0
data/rtf-2017-09/ckctczdmxkyzntoh.x;0
data/rtf-2017-09/jmuwlhmkeirhskku.x;0
data/rtf-2017-09/befemgshdecknxtj.x;1
data/rtf-2017-09/bskahspdogdvpqsj.x;1
data/rtf-2017-09/zsooievccbuboepf.x;0
data/rtf-2017-09/uwpfkutlqslvfuvs.x;1
data/rtf-2017-09/ccgqgcewewmsjzah.x;0
data/rtf-2017-09/wkrxuytasywrvkwn.x;0
data/rtf-2017-09/yjndixqsrokoxiqo.x;0
data/rtf-2017-09/xzfsgfefpaxyamnl.x;1
data/rtf-2017-09/nwsbtldkhrtfbrar.x;1
data/rtf-2017-09/esxxmjlriowmceyz.x;1
data/rtf-2017-09/rifeooaldsdmbbwm.x;1
data/rtf-2017-09/niifnzusvicypiyw.x;1
data/rtf-2017-09/idbswhsumskiempn.x;0
data/rtf-2017-09/xwtaqidtkofbewsx.x;1
data/rtf-2017-09/vjkuopcvmwzccqrs.x;1
data/rtf-2017-09/kdupqmehjtozvoeg.x;1
data/rtf-2017-09/yzknuywsknccexsn.x;0
data/rtf-2017-09/dkemckapulhdzral.x;1
data/rtf-2017-09/bnxiaizrdybpusae.x;1
data/rtf-2017-09/rasaypzquqnftvqe.x;1
data/rtf-2017-09/dalofojihmcllyzz.x;0
data/rtf-2017-09/vmxsakapaeghnsyf.x;0
data/rtf-2017-09/apzjompqxylnwjhl.x;1
data/rtf-2017-09/pisyejghieiugbru.x;1
data/rtf-2017-09/nzmmdtkdjkeedgzi.x;1
data/rtf-2017-09/rlcsggomghvjhoya.x;1
data/rtf-2017-09/aupbuliyfonabixd.x;0
data/rtf-2017-09/dokynzgmqnchftcv.x;0
data/rtf-2017-09/uvmuraupnoysuank.x;0
data/rtf-2017-09/ddzidozmhzdiitbk.x;1
data/rtf-2017-09/fhxmqxtctfryxysz.x;0
data/rtf-2017-09/moyushgsudqkscxp.x;1
data/rtf-2017-09/hgpmaeypxulzeyyv.x;1
data/rtf-2017-09/tcsnslxkvqhsgtav.x;0
data/rtf-2017-09/vzeuhwbgrbfwaroh.x;1
data/rtf-2017-09/isbeqpfimxyeruly.x;1
data/rtf-2017-09/ublrnuskcajhkhzz.x;0
data/rtf-2017-09/gtjmfzdllumnsggl.x;1
data/rtf-2017-09/uzprgezulyclpqvk.x;1
data/rtf-2017-09/emgztiwldlxhdhws.x;0
data/rtf-2017-09/efbvrqqkwainlnob.x;0
data/rtf-2017-09/iffryqeeukqtzxuw.x;1
data/rtf-2017-09/jumohytkcsybtzee.x;1
data/rtf-2017-09/mpgmiemuvoyeymfy.x;0
data/rtf-2017-09/uebrqafrnzrvlwnm.x;0
data/rtf-2017-09/rkeigqwlrgtxyspf.x;0
data/rtf-2017-09/kujuqwwtxtgdsigx.x;1
data/rtf-2017-09/xxujdhvspizydhln.x;0
data/rtf-2017-09/ypsousqenmnacnzw.x;1
data/rtf-2017-09/tnakdoyxdzjnqvhj.x;0
data/rtf-2017-09/ffjqmguldgfacais.x;0
data/rtf-2017-09/iesufaiwqqccwvlb.x;1
data/rtf-2017-09/ldfgcduphflkeblt.x;1
data/rtf-2017-09/mxqqmufzzevsdywz.x;0
data/rtf-2017-09/azxmfgmrcvbjwqhr.x;1
data/rtf-2017-09/acfadlcvezmlfgkq.x;1
data/rtf-2017-09/afoqmwfqlprdczzt.x;1
data/rtf-2017-09/upentcrlwojkhnre.x;0
data/rtf-2017-09/anwzygbfomcuiwpy.x;1
data/rtf-2017-09/bjkaafwggbncwzmy.x;0
data/rtf-2017-09/ikikfvllabxolzpd.x;1
data/rtf-2017-09/zxmdhxwmntqqaroc.x;0
data/rtf-2017-09/dygqbkmysjiqzxoi.x;1
data/rtf-2017-09/jigmsdmhunbrhcjm.x;0
data/rtf-2017-09/urmhvpejsitmvukb.x;1
data/rtf-2017-09/agrffmltkuplhlfk.x;1
data/rtf-2017-09/giiawpnmdepxsqji.x;1
data/rtf-2017-09/dwhalaqhxwwmfmuw.x;1
data/rtf-2017-09/eblksdteeqbwsuyo.x;1
data/rtf-2017-09/ebkadbjeuphwzfxh.x;0
data/rtf-2017-09/klbjhtjozsltlavg.x;1
data/rtf-2017-09/btpeetdjqlcwwvoi.x;0
data/rtf-2017-09/gtwwflnsuwwhhrgr.x;0
data/rtf-2017-09/bmpervvzepayztgy.x;0
data/rtf-2017-09/usryfmvokstbnets.x;0
data/rtf-2017-09/oybaavcuqopkpshj.x;1
data/rtf-2017-09/ikmejebzxjvzwlya.x;0
data/rtf-2017-09/gfufvgvupalwjyko.x;0
data/rtf-2017-09/hcjuaaiaevaembwr.x;0
data/rtf-2017-09/scyvgmqpxbrygcbl.x;1
data/rtf-2017-09/qjjlnwwptmtdhwod.x;0
data/rtf-2017-09/xonjiixtrsdslmqm.x;0
data/rtf-2017-09/yuuuyuqboiovabmf.x;1
data/rtf-2017-09/iaeyknntfiuswybn.x;1
data/rtf-2017-09/zmzbzxhllfmiifwr.x;1
data/rtf-2017-09/byyplckbsweykzrk.x;0
data/rtf-2017-09/jtefhaqqwgqmwvff.x;1
data/rtf-2017-09/rjzdbxjuqobcsfnn.x;1
data/rtf-2017-09/hhqxklseiygcfmcr.x;1
data/rtf-2017-09/mgpmbxzhqhnqibfw.x;1
data/rtf-2017-09/rszxwaljwvnfojfz.x;0
data/rtf-2017-09/ssghvysininaykqu.x;0
data/rtf-2017-09/qmbubqiwyyxfnzis.x;1
data/rtf-2017-09/gqsjajbtjtldjkde.x;0
data/rtf-2017-09/sirjtjibhrdinmaq.x;0
data/rtf-2017-09/cblbcenaryodtufh.x;1
data/rtf-2017-09/thjswnyaqpubhryd.x;0
data/rtf-2017-09/rjkrebydbuxvvykl.x;0
data/rtf-2017-09/elmzafuryaeqljqa.x;0
data/rtf-2017-09/ribplyccaowtvgju.x;0
data/rtf-2017-09/kiwmhermhherejwf.x;1
data/rtf-2017-09/pidwlzzanqkmhysn.x;0
data/rtf-2017-09/fnzyhknqclubtriv.x;0
data/rtf-2017-09/rpmdglypixeflwtm.x;0
data/rtf-2017-09/ctoxbaxeoyumacev.x;0
data/rtf-2017-09/jmvcbwhagfnvmgcr.x;0
data/rtf-2017-09/jevnkwmcpxkqrrsa.x;0
data/rtf-2017-09/objemuioffefrvoa.x;0
data/rtf-2017-09/dqzzwktipbylykxi.x;1
data/rtf-2017-09/shnywbmpastjqaeb.x;1
data/rtf-2017-09/dzjbpmqgfxdknbek.x;0
data/rtf-2017-09/xrnrrjnplfnvsioy.x;0
data/rtf-2017-09/dkyqcwvumtruztby.x;0
data/rtf-2017-09/njmezjudjrxubweo.x;1
data/rtf-2017-09/bogkbzcmxgllhhzz.x;0
data/rtf-2017-09/jtvanjsrosqofvoq.x;1
data/rtf-2017-09/kkrbxabqnogczfyp.x;1
data/rtf-2017-09/plchncrwxfooqyuz.x;1
data/rtf-2017-09/pzhnaletuuspgflp.x;1
data/rtf-2017-09/vbovdimrinaktfst.x;1
data/rtf-2017-09/yoezvlgmpsdpwhwx.x;0
data/rtf-2017-09/gsmbsrfnxzhyfqha.x;1
data/rtf-2017-09/ihehjubdxuykzrjt.x;0
data/rtf-2017-09/iogdmlbtjwccetkv.x;1
data/rtf-2017-09/ciwezormwzirqgqd.x;0
data/rtf-2017-09/ifzrutjbokzdqznn.x;1
data/rtf-2017-09/fcmsblqwujtibgen.x;0
data/rtf-2017-09/rvvqxckxbdlecezd.x;0
data/rtf-2017-09/yrvriirutosyfkzg.x;1
data/rtf-2017-09/wkxygfangcidrcec.x;0
data/rtf-2017-09/gcjwzotjujcehruo.x;0
data/rtf-2017-09/eorjxcajksxwecac.x;1
data/rtf-2017-09/qjnkqcknrvsngfat.x;0
data/rtf-2017-09/wtyfxtznifevzkgv.x;1
data/rtf-2017-09/pvleqjpcfsjvkqaw.x;1
data/rtf-2017-09/yvnzjmvupseyattw.x;0
data/rtf-2017-09/ntovzjtaaopqegcb.x;1
data/rtf-2017-09/hgpuahxwdndrzpgg.x;1
data/rtf-2017-09/uapihtyxfvxkvyrz.x;0
data/rtf-2017-09/nnvnussoxalptbcy.x;0
data/rtf-2017-09/nuxpwywnwkhqckks.x;0
data/rtf-2017-09/tjlnvmuuauizmebr.x;1
data/rtf-2017-09/owxkykcxzdpwomfq.x;1
data/rtf-2017-09/ydprflhemgtfuhfe.x;1
data/rtf-2017-09/cswcgiiecdothwyq.x;0
data/rtf-2017-09/aksnuhjuybvbbxkc.x;0
data/rtf-2017-09/wanowgmfwukrimfv.x;0
data/rtf-2017-09/ivqkitcdusjsltqn.x;0
data/rtf-2017-09/buehccmdennemmxk.x;1
data/rtf-2017-09/frdmfzwvpnxirwww.x;0
data/rtf-2017-09/jsxolffxmibioltg.x;1
data/rtf-2017-09/qalxnttwyqewloeh.x;0
data/rtf-2017-09/bexgryzqxibyecho.x;0
data/rtf-2017-09/smcaiwugcnzuqsic.x;1
data/rtf-2017-09/bpkpgrelnogtwulx.x;0
data/rtf-2017-09/qbflznopwikybrxi.x;0
data/rtf-2017-09/rduzfpwmaisdmzvr.x;1
data/rtf-2017-09/bogpdzhjhrctrejj.x;0
data/rtf-2017-09/ycpoemvmxhrrcgqh.x;1
data/rtf-2017-09/npxliqzwskxkmoxh.x;0
data/rtf-2017-09/sxhmiwwizbijnkve.x;1
data/rtf-2017-09/zowvpnwawlkuadzk.x;1
data/rtf-2017-09/gtgwbszzjjqtuucn.x;0
data/rtf-2017-09/iwblqofqrvhaqomb.x;1
data/rtf-2017-09/eunzjhzcpwddffcb.x;1
data/rtf-2017-09/lkzaeeghkpujdepo.x;0
data/rtf-2017-09/ixtqlhckzapgmzuq.x;0
data/rtf-2017-09/hpalicfiugblauiy.x;1
data/rtf-2017-09/ikbrwidarfwjapjv.x;0
data/rtf-2017-09/fnoxuekbmnvyydvd.x;0
data/rtf-2017-09/ihmqtqheloyevzey.x;0
data/rtf-2017-09/ckibziqzgwudvajv.x;0
data/rtf-2017-09/pwjlaeznkfklzsac.x;1
data/rtf-2017-09/ronsvlyxdyqagmvl.x;0
data/rtf-2017-09/qiclhhcxctecvaas.x;0
data/rtf-2017-09/jqnvuhxztgrnkqul.x;1
data/rtf-2017-09/wwzfdrrhigghyjnw.x;1
data/rtf-2017-09/gbumchlbehkfrwwn.x;0
data/rtf-2017-09/chqfcfemkpbljocc.x;0
data/rtf-2017-09/kcsvihxzifbbqwtu.x;0
data/rtf-2017-09/xymvyjnxvqtotsrf.x;1
data/rtf-2017-09/ytkqxfnubiteqsnk.x;0
data/rtf-2017-09/hwcmoakieywenuwl.x;1
data/rtf-2017-09/ypxbgvhwnmapmote.x;1
data/rtf-2017-09/ibqxlwrmqxhosmdk.x;0
data/rtf-2017-09/qlsvuhgilygtmxgp.x;0
data/rtf-2017-09/bosbknryztfluzji.x;1
data/rtf-2017-09/qszizfanljnifglr.x;0
data/rtf-2017-09/ouaqzcimmwvmyygk.x;1
data/rtf-2017-09/aksqyyabllskncfo.x;1
data/rtf-2017-09/puzwnzbqalhonkax.x;0
data/rtf-2017-09/qlmdumuiejettwim.x;1
data/rtf-2017-09/prisfaegkqymkjsf.x;1
data/rtf-2017-09/nyttjrhhwgakyarg.x;0
data/rtf-2017-09/esuoxnusipkxazvl.x;1
data/rtf-2017-09/azecfuohcikswpeu.x;1
data/rtf-2017-09/xfmantiaaknpuodz.x;0
data/rtf-2017-09/wuhjeucppzlzctig.x;0
data/rtf-2017-09/pgpyinywkztjizsf.x;0
data/rtf-2017-09/dgdyxdhkgsbofcax.x;1
data/rtf-2017-09/jyibxmewirlzwouu.x;1
data/rtf-2017-09/dnppuvbgugevofve.x;1
data/rtf-2017-09/kkvvqoevaginsuai.x;1
data/rtf-2017-09/hvqfnujczlawkwjo.x;1
data/rtf-2017-09/unftvbxnngwuwetr.x;1
data/rtf-2017-09/tolzlbuokqywnsjb.x;1
data/rtf-2017-09/moqpfgfvvttxdzga.x;1
data/rtf-2017-09/eelbsdxbubepvwgf.x;0
data/rtf-2017-09/nrffwmlxslycyrbo.x;0
data/rtf-2017-09/tbkvqtkqpfixpalb.x;1
data/rtf-2017-09/vhojteegfjjkmafj.x;0
data/rtf-2017-09/tnqckdeghziymxdu.x;1
data/rtf-2017-09/bnewqvhryucvxphi.x;0
data/rtf-2017-09/tiotpsbpngjumssu.x;1
data/rtf-2017-09/mstgohizponqmfwz.x;1
data/rtf-2017-09/xcuosvaubqqthtfo.x;1
data/rtf-2017-09/dfyfjmjxzonzvjry.x;0
data/rtf-2017-09/xibocvbvzuvemuik.x;1
data/rtf-2017-09/gvogmtocydovwwnk.x;1
data/rtf-2017-09/gkeuzopsmztkvstn.x;1
data/rtf-2017-09/dfkxmoabpuqwvfuc.x;1
data/rtf-2017-09/wuzejubtiiussekl.x;1
data/rtf-2017-09/urayjycpnartsyjl.x;0
data/rtf-2017-09/jnxjlmopqylivedv.x;1
data/rtf-2017-09/fkwvnmyvfpwkfzou.x;0
data/rtf-2017-09/ihoszsgejetucfoe.x;0
data/rtf-2017-09/jtcrrhjfhamudpcx.x;1
data/rtf-2017-09/ruksmioganhazvve.x;0
data/rtf-2017-09/knrqghdqsnscvylv.x;0
data/rtf-2017-09/lmampvryedbcnltt.x;1
data/rtf-2017-09/gunguhtwninkwlll.x;1
data/rtf-2017-09/idmgdshlsppwlqdp.x;0
data/rtf-2017-09/shkcnfraxuoapmgi.x;1
data/rtf-2017-09/glkfaeefnmplenfe.x;1
data/rtf-2017-09/lpgtrdxrnepwnkou.x;0
data/rtf-2017-09/cebnviuvtvvvdtcp.x;1
data/rtf-2017-09/vodhgofuindczqur.x;1
data/rtf-2017-09/jguztzcjrkjwozzx.x;0
data/rtf-2017-09/zxxcmlcgkmucfdfb.x;1
data/rtf-2017-09/sjnqdejpmscehmyb.x;1
data/rtf-2017-09/oulczzriveekaoge.x;1
data/rtf-2017-09/ppesqfpnolbmndwk.x;0
data/rtf-2017-09/mfpphyyonmlrvosb.x;0
data/rtf-2017-09/ioldvqpkkzxgnthv.x;1
data/rtf-2017-09/xrcoskbmymximeja.x;1
data/rtf-2017-09/xpsvjtedxailnlfx.x;1
data/rtf-2017-09/bviboubhhqcwinmd.x;1
data/rtf-2017-09/pucypletgetgszcl.x;1
data/rtf-2017-09/akwxchqecetfermk.x;0
data/rtf-2017-09/ccnsrrniemolbhvj.x;0
data/rtf-2017-09/kskmqpuyyqpodfqr.x;0
data/rtf-2017-09/dxpuqtrkasufjggs.x;0
data/rtf-2017-09/gnnewzhnaekoupkm.x;0
data/rtf-2017-09/wastqugvzacvhkao.x;0
data/rtf-2017-09/sourworxeanenvfq.x;0
data/rtf-2017-09/lmfbgsgjnrxnubxv.x;0
data/rtf-2017-09/umsnmlvynyckhbfl.x;0
data/rtf-2017-09/wqkdujxkmmftdplu.x;0
data/rtf-2017-09/oswopeziieejnrra.x;0
data/rtf-2017-09/mwvfkktrcxvjwedn.x;1
data/rtf-2017-09/lcbqdwccbcwcness.x;1
data/rtf-2017-09/ppbkqgcuvagyjkxu.x;0
data/rtf-2017-09/nshuoglvckkpndsi.x;0
data/rtf-2017-09/aeqorjyhlqpljbmv.x;1
data/rtf-2017-09/tvehhtalqsesvgpr.x;0
data/rtf-2017-09/baurvxjfqaqorrac.x;0
data/rtf-2017-09/jrltzsobsaqnyfes.x;1
data/rtf-2017-09/zsbxxhjomtdgehwt.x;1
data/rtf-2017-09/vmlrdoebbqsmxynn.x;1
data/rtf-2017-09/xoegibeowcshqxas.x;1
data/rtf-2017-09/xveojnneiwtgjcpv.x;1
data/rtf-2017-09/rkfshfviqwaitncl.x;1
data/rtf-2017-09/icxxdyknhukojnbr.x;0
data/rtf-2017-09/msojtwxurhxlqocd.x;0
data/rtf-2017-09/zatpokpwwtvucsho.x;0
data/rtf-2017-09/eqonfdloqcrphpfm.x;1
data/rtf-2017-09/qoyekveozfcuqgdr.x;0
data/rtf-2017-09/qohrpduujxsyanrz.x;1
data/rtf-2017-09/ybxyqznhsruuayuo.x;1
data/rtf-2017-09/hbaigkpmjlwxndwa.x;0
data/rtf-2017-09/qecgzzbwtdzabqnk.x;1
data/rtf-2017-09/hgtjpmcbxyovcvqp.x;1
data/rtf-2017-09/pclkathkukkwgnso.x;0
data/rtf-2017-09/jodnmuetdxnlwdqz.x;1
data/rtf-2017-09/gwyscjaedzjrpvxp.x;0
data/rtf-2017-09/cstcnmhqcuhnyfyg.x;0
data/rtf-2017-09/qjcsfjjpykwviqtt.x;0
data/rtf-2017-09/fmosmtucsnzqhbxw.x;0
data/rtf-2017-09/mretwsqeidvoamyo.x;1
data/rtf-2017-09/akbwcpfcjvogkcll.x;1
data/rtf-2017-09/thggtolgwigyyfzg.x;1
data/rtf-2017-09/xgozrhxcniurdirw.x;1
data/rtf-2017-09/qurmzqkxkzwcsgfo.x;0
data/rtf-2017-09/runwzbwjfrgkcyur.x;0
data/rtf-2017-09/pjqadvmwmdmerfyw.x;1
data/rtf-2017-09/ealwveklwetowopr.x;0
data/rtf-2017-09/twlbtkwfqcmrexug.x;1
data/rtf-2017-09/ilocytspdudvazyv.x;1
data/rtf-2017-09/lbptessyrvlfkciy.x;0
data/rtf-2017-09/vaxtshgbwhmutgau.x;0
data/rtf-2017-09/luwajdcxxrorooao.x;1
data/rtf-2017-09/unflyvnuorczxgml.x;0
data/rtf-2017-09/huqfkduwffvruqsj.x;1
data/rtf-2017-09/hbyktwmuwiqhrbzn.x;1
data/rtf-2017-09/migkryyrgwgpkxfr.x;1
data/rtf-2017-09/jeaaadcknrwugbpy.x;1
data/rtf-2017-09/iopcpgduqphylqqc.x;0
data/rtf-2017-09/ajgsdemosigaczsz.x;1
data/rtf-2017-09/qoinljmeanynouci.x;0
data/rtf-2017-09/bnucpgeppfbgscsk.x;1
data/rtf-2017-09/umfalqveouhmynln.x;1
data/rtf-2017-09/jqmcwxnjbflsytrp.x;1
data/rtf-2017-09/fvucxcobeudxnxgn.x;1
data/rtf-2017-09/qegmfexofwhcbeqb.x;1
data/rtf-2017-09/yvlzvkuywmxkgkod.x;1
data/rtf-2017-09/sixepnjgxokjyegn.x;0
data/rtf-2017-09/pydlvckmusstfbmx.x;1
data/rtf-2017-09/yocgdeiyulnrrovd.x;0
data/rtf-2017-09/pyhgjcavrvzmqlwu.x;0
data/rtf-2017-09/gjvfgqvvlrhmhrce.x;1
data/rtf-2017-09/enhvodclgnegqgvy.x;0
data/rtf-2017-09/ihgwqzesurpfqpgi.x;0
data/rtf-2017-09/ftujtcaeifrtjtaa.x;0
data/rtf-2017-09/xaycfunaukxvcgze.x;0
data/rtf-2017-09/dulpltnvxdgjtwsp.x;1
data/rtf-2017-09/qyrxaelyoblchqku.x;0
data/rtf-2017-09/juqrfxqyatifnziv.x;0
data/rtf-2017-09/jlochbacivjqgloc.x;0
data/rtf-2017-09/eyjuwsvrukbzkjsl.x;1
data/rtf-2017-09/xpreslxrynuhazfq.x;0
data/rtf-2017-09/cliaaoruutpmjkqg.x;1
data/rtf-2017-09/wnvlpvlogpbqnudy.x;0
data/rtf-2017-09/lnnvphcklfmnpbus.x;0
data/rtf-2017-09/orritmrwancgxeod.x;1
data/rtf-2017-09/azbzgvhzbelcmfzb.x;1
data/rtf-2017-09/ltbiahjnfiuaoiqu.x;1
data/rtf-2017-09/tmgnhnvbitljhluf.x;0
data/rtf-2017-09/xbnpsavborpubehy.x;1
data/rtf-2017-09/zxtyvtwmtectqmct.x;0
data/rtf-2017-09/kfjnxplqgwpecmdh.x;0
data/rtf-2017-09/voqyhezktdlshgya.x;0
data/rtf-2017-09/uhthlwhomrwmnijw.x;0
data/rtf-2017-09/sexqcfxfbsvkecgs.x;0
data/rtf-2017-09/lvhhvofwwkrpcyrq.x;0
data/rtf-2017-09/kkrmrgnfpyysvopz.x;0
data/rtf-2017-09/wjjtrqxaumutkifv.x;0
data/rtf-2017-09/xwgznejsgyezsqsm.x;0
data/rtf-2017-09/zgsuayqxdktthnmj.x;1
data/rtf-2017-09/agicdmirqqlugzdr.x;1
data/rtf-2017-09/jcoijnwnvipbjhej.x;0
data/rtf-2017-09/mxbogrpmgvlypglf.x;0
data/rtf-2017-09/xjgvgxecbpcayygx.x;1
data/rtf-2017-09/azjiersvdpnmhifl.x;1
data/rtf-2017-09/xrizpojvgwihwrpj.x;1
data/rtf-2017-09/yfejqhksxwbibdlx.x;1
data/rtf-2017-09/ekpdourqrppcptva.x;0
data/rtf-2017-09/reozkxldngvssaws.x;0
data/rtf-2017-09/kqhgkqklaborgzxo.x;0
data/rtf-2017-09/jseyssovenvqwnpq.x;1
data/rtf-2017-09/uydlfsyuflivbpnd.x;1
data/rtf-2017-09/vojuiboopkauzqpe.x;0
data/rtf-2017-09/clreungwwxdtcyuu.x;0
data/rtf-2017-09/gymthfehbumsbert.x;0
data/rtf-2017-09/vxfjuclmeqqveian.x;1
data/rtf-2017-09/xnhkpbhqqyhisvvx.x;1
data/rtf-2017-09/xaeizpuqnbzufsmx.x;1
data/rtf-2017-09/vsfjprykfergdswd.x;1
data/rtf-2017-09/vqeyjygougcdfiag.x;0
data/rtf-2017-09/xkortltwinielsui.x;0
data/rtf-2017-09/huhpewollcyhbnwd.x;0
data/rtf-2017-09/kxpuibikmsdjfyot.x;1
data/rtf-2017-09/njjxcpkbttemwpax.x;0
data/rtf-2017-09/ztkeefszxzsgdlwd.x;1
data/rtf-2017-09/mfwnkgiabraukrhz.x;0
data/rtf-2017-09/ctjgapwkyhebykrz.x;0
data/rtf-2017-09/sowiubqlacxwgwkb.x;0
data/rtf-2017-09/scjlwhspdrungedv.x;0
data/rtf-2017-09/gpvcmqgzciyveflt.x;1
data/rtf-2017-09/hiqoiuvbsilegsil.x;1
data/rtf-2017-09/hgoaoozaktycrawe.x;0
data/rtf-2017-09/lktvecbeprzpmeqz.x;1
data/rtf-2017-09/ycxdlozacpwidfup.x;0
data/rtf-2017-09/izgktkvkzaiigill.x;0
data/rtf-2017-09/qydivdzsonttpsiy.x;0
data/rtf-2017-09/konawijhuvnlrrcz.x;1
data/rtf-2017-09/xbugudztfwammrak.x;0
data/rtf-2017-09/omjdjsqlrbgagffi.x;1
data/rtf-2017-09/jppegxaxhkljiafi.x;1
data/rtf-2017-09/dcuwsoegvsqzurix.x;0
data/rtf-2017-09/fqoucfbkxzyjwpui.x;0
data/rtf-2017-09/cuxprhvwidvsxtvk.x;1
data/rtf-2017-09/vwrwlktdljmawctj.x;1
data/rtf-2017-09/awfcyzqklnnjtwte.x;1
data/rtf-2017-09/ktktpxgwjfdnljum.x;1
data/rtf-2017-09/sngefvedevgmghif.x;1
data/rtf-2017-09/crsdggrvfefqqfsh.x;1
data/rtf-2017-09/hxphzmuuxevkcvec.x;1
data/rtf-2017-09/dsbnillwfifeuiju.x;1
data/rtf-2017-09/mqifwfpjfknijbcu.x;1
data/rtf-2017-09/cutrvzesskgyhbsa.x;1
data/rtf-2017-09/adxbbevlphvskmsl.x;1
data/rtf-2017-09/mxeqmcmaujpymsgq.x;0
data/rtf-2017-09/typuzuscrgwntmxv.x;0
data/rtf-2017-09/hdvbedqinvdixkrq.x;1
data/rtf-2017-09/jluulskvsnuuaegc.x;0
data/rtf-2017-09/jobacvodqiafjffp.x;1
data/rtf-2017-09/dfzwblxvctsnolnu.x;0
data/rtf-2017-09/ikgozmdosrxmkcuq.x;0
data/rtf-2017-09/jidnxqffxckxdfpv.x;1
data/rtf-2017-09/winutvyldybdhgel.x;0
data/rtf-2017-09/sioizratyeycrqna.x;1
data/rtf-2017-09/tnelzbowlgwvyhfi.x;1
data/rtf-2017-09/alwsbtzhftvwbtmx.x;1
data/rtf-2017-09/mgswhflgukxhcyls.x;0
data/rtf-2017-09/lhdmfundhtfngdci.x;0
data/rtf-2017-09/yfpyuugjzomzspqx.x;1
data/rtf-2017-09/zzkljeyvaxsprout.x;0
data/rtf-2017-09/rrycxgemhohudywu.x;0
data/rtf-2017-09/gwuseenjmfqlofhp.x;1
data/rtf-2017-09/lgsokihljmprlelp.x;0
data/rtf-2017-09/tenlpuqdoiexbvxp.x;0
data/rtf-2017-09/vzluzqwrleeonggz.x;1
data/rtf-2017-09/ngqzibcxracqrxle.x;1
data/rtf-2017-09/uobqqzzvyrgqpnsb.x;0
data/rtf-2017-09/tclvfjwraifhjbzc.x;1
data/rtf-2017-09/sxcxcjrhirnnlkqb.x;0
data/rtf-2017-09/cpbkiqqwhwvdhpen.x;0
data/rtf-2017-09/gxifaednzgpkjfyv.x;1
data/rtf-2017-09/nsyznjuiyojrigqv.x;1
data/rtf-2017-09/yjofzbrknwurqgwg.x;1
data/rtf-2017-09/bzsbnwpxlzprfgqd.x;0
data/rtf-2017-09/sobaqxzmxemfmubr.x;1
data/rtf-2017-09/iwyollwwiodkbbia.x;0
data/rtf-2017-09/iwyyufclaiccaifp.x;1
data/rtf-2017-09/wmxvjdhbhktogcya.x;1
data/rtf-2017-09/aetnyzjnvgcwvcpi.x;0
data/rtf-2017-09/phzzbcmffcqskxwo.x;1
data/rtf-2017-09/hqrzxmypnkmtbaxm.x;0
data/rtf-2017-09/szgxmyjelvlxvbmy.x;0
data/rtf-2017-09/ywpvyvzvjuworsuz.x;0
data/rtf-2017-09/bytqmywajhlwvrta.x;0
data/rtf-2017-09/epmschupnlnauxoe.x;0
data/rtf-2017-09/npewvngskdiimewn.x;1
data/rtf-2017-09/uilqhcxabotnwnob.x;0
data/rtf-2017-09/keovlrqccyzptbea.x;0
data/rtf-2017-09/sbyecwbyntlaqrws.x;0
data/rtf-2017-09/eyfmhmvyqlywbmzi.x;1
data/rtf-2017-09/kocoyhkojnbyprec.x;1
data/rtf-2017-09/wksvkqzsmnbeymux.x;0
data/rtf-2017-09/slgsfrpcxzrnqyuj.x;0
data/rtf-2017-09/hzgevucknqxytbva.x;0
data/rtf-2017-09/xqwppymthjvzlwhb.x;0
data/rtf-2017-09/issvsjnucvsgptyu.x;0
data/rtf-2017-09/lhwolesjkynijdhb.x;0
data/rtf-2017-09/pehtkjuaxixotpgs.x;1
data/rtf-2017-09/dlkfeokbijcosmhw.x;0
data/rtf-2017-09/ynwitjtcengjmyvk.x;0
data/rtf-2017-09/dioebptsijnnpgdp.x;1
data/rtf-2017-09/piciqbepkhqhnyfp.x;0
data/rtf-2017-09/bvoxbnxtldgsenug.x;0
data/rtf-2017-09/hvbzknwxrdtcrlcs.x;1
data/rtf-2017-09/sfyipjcohksjdgoa.x;0
data/rtf-2017-09/bkbvpklyndeshsed.x;1
data/rtf-2017-09/dixicoohfawwfnzx.x;1
data/rtf-2017-09/egepsnvfnlhxrqix.x;1
data/rtf-2017-09/mrtxpmrzsixswzxf.x;0
data/rtf-2017-09/gdjjokqkzmrijdjs.x;1
data/rtf-2017-09/ncwinejrmxwzjnkz.x;1
data/rtf-2017-09/scnbpdjhxgxawygt.x;1
data/rtf-2017-09/niiujwyrxwnvsyti.x;1
data/rtf-2017-09/fmagwgxwczeemrkt.x;1
data/rtf-2017-09/iodkiiqoripzvutj.x;1
data/rtf-2017-09/pabkmvravaepjvql.x;0
data/rtf-2017-09/nwkplwsboiwvmtsn.x;0
data/rtf-2017-09/qzzgmpyzrbbfpirc.x;0
data/rtf-2017-09/vcqvjmrgheamjkmz.x;1
data/rtf-2017-09/rilzgajtwkfvdxlg.x;1
data/rtf-2017-09/xrjyovxntmqutwqz.x;0
data/rtf-2017-09/rkryorebvcjpxlec.x;1
data/rtf-2017-09/jnffiuduhoydhlsn.x;1
data/rtf-2017-09/qrewwaiusuercejb.x;1
data/rtf-2017-09/gyafnlptktsmrlxv.x;1
data/rtf-2017-09/penqubpcbiyhhmmb.x;1
data/rtf-2017-09/sfowmgjdnmaqiclp.x;0
data/rtf-2017-09/lsswnkhwzhlvkwlp.x;1
data/rtf-2017-09/djstkacrmdqnzsjk.x;0
data/rtf-2017-09/oemarqlrpdschijg.x;0
data/rtf-2017-09/szrpxjbvtboxstxf.x;0
data/rtf-2017-09/rhqjkqpofevbirmv.x;0
data/rtf-2017-09/bczjvtevuzgqqngm.x;1
data/rtf-2017-09/ijnstwvjpacpaovb.x;1
data/rtf-2017-09/vaynthgosughmrih.x;1
data/rtf-2017-09/hhlbcsqrsykskkln.x;0
data/rtf-2017-09/bxsbaiyodibuavdz.x;1
data/rtf-2017-09/qidduynkyhivvoex.x;1
data/rtf-2017-09/uofzajtzvpyxgdol.x;1
data/rtf-2017-09/jwjybpjttkdmchzb.x;1
data/rtf-2017-09/wkjmrpaahizmiajg.x;0
data/rtf-2017-09/kqgdwkbercdaetsb.x;0
data/rtf-2017-09/xazpiaecotpvjglh.x;0
data/rtf-2017-09/yvdjzyulkfofgnot.x;0
data/rtf-2017-09/viorpnhyabepprlt.x;0
data/rtf-2017-09/rxjdfukzwzbtmfcw.x;0
data/rtf-2017-09/bgxnotaqeofftnet.x;0
data/rtf-2017-09/mtqtcongnjsnkazo.x;0
data/rtf-2017-09/iarwtjvfzcjwvljp.x;1
data/rtf-2017-09/hadblibobssncysn.x;1
data/rtf-2017-09/mcmzlefracgixltg.x;0
data/rtf-2017-09/trxynnwdiwzavhjo.x;0
data/rtf-2017-09/jgqnxazmhypsmwlp.x;1
data/rtf-2017-09/iecxmaznviibfenj.x;0
data/rtf-2017-09/rybhtxggjupvcerg.x;1
data/rtf-2017-09/rlzfdteuozkrxtxz.x;0
data/rtf-2017-09/hlcbgfgcfozqkbbs.x;0
data/rtf-2017-09/yggdcslnbghujhti.x;1
data/rtf-2017-09/azgqkeifqyvuhyvw.x;0
data/rtf-2017-09/ynlorltopsktsfgd.x;0
data/rtf-2017-09/tnbmliztuqwmnqnm.x;1
data/rtf-2017-09/vaveityggzwatosp.x;0
data/rtf-2017-09/lfzfrjlaebybdkew.x;1
data/rtf-2017-09/spzkkwqospiznuoq.x;1
data/rtf-2017-09/hdllnpodvyjlbyfg.x;1
data/rtf-2017-09/qbmjmcqzkslrxshy.x;0
data/rtf-2017-09/hfvsowwoidwsdmrf.x;1
data/rtf-2017-09/igtfercrdjitedzb.x;0
data/rtf-2017-09/dxnizbnvutsvlshs.x;0
data/rtf-2017-09/zdbrcizvhitvfnqh.x;1
data/rtf-2017-09/kplilkzzwilgzfak.x;0
data/rtf-2017-09/polqjfdrwqssgwwm.x;0
data/rtf-2017-09/sbeoenwwrqxoseut.x;1
data/rtf-2017-09/bqwyzkyedsqiwykb.x;0
data/rtf-2017-09/jeyzkvvdcymfhyql.x;0
data/rtf-2017-09/fwiinzlowantadji.x;1
data/rtf-2017-09/anmuekvxdjdojwyb.x;0
data/rtf-2017-09/eikuwpauwsxbhszn.x;1
data/rtf-2017-09/muvzljffoyxmuuun.x;1
data/rtf-2017-09/koaizypwmzpxnnjd.x;0
data/rtf-2017-09/lpycmqdekumfxwvw.x;0
data/rtf-2017-09/qifaposdbgfxffvg.x;0
data/rtf-2017-09/pgmjzkwyanghztez.x;0
data/rtf-2017-09/ufuajsukcfrmgvuf.x;0
data/rtf-2017-09/izblovdenddoezwn.x;1
data/rtf-2017-09/veffaucbjtcniqwx.x;1
data/rtf-2017-09/kzksekxbjfitauhu.x;0
data/rtf-2017-09/ljpcqtabchnkeneg.x;1
data/rtf-2017-09/rqriotrxglfqlhlm.x;0
data/rtf-2017-09/qoioikgpdnrhyzel.x;0
data/rtf-2017-09/hxncvudjytdkgpal.x;1
data/rtf-2017-09/gvupnncyunzviimq.x;1
data/rtf-2017-09/hsfanfpciuumnhxv.x;0
data/rtf-2017-09/uuzklzkyjempfgeu.x;0
data/rtf-2017-09/nhzqavponuuduggy.x;1
data/rtf-2017-09/aaojmgftzmaayrlo.x;0
data/rtf-2017-09/pnmmjxaakdkiyxmf.x;1
data/rtf-2017-09/dvzhthapimdtgndt.x;0
data/rtf-2017-09/stpmoliqlvyszkbc.x;0
data/rtf-2017-09/nnsvyytptdudhzsa.x;1
data/rtf-2017-09/bqwmzxyoqfzohjel.x;0
data/rtf-2017-09/lknyuaobjwjanbdp.x;1
data/rtf-2017-09/uvwmblsglrabvjwr.x;1
data/rtf-2017-09/clbtpabolnvsxbpk.x;0
data/rtf-2017-09/ivgsyxjzflnteyjo.x;0
data/rtf-2017-09/irqgqyfqxlyekurk.x;1
data/rtf-2017-09/yysljhypmvhzhekg.x;1
data/rtf-2017-09/vdjwtdcvoemlovfl.x;1
data/rtf-2017-09/jgufeilihphgrnsg.x;0
data/rtf-2017-09/cdmnkfzoylyaitog.x;1
data/rtf-2017-09/orauvycnnfqgwtpq.x;1
data/rtf-2017-09/uifzyqyyaszjnzaa.x;0
data/rtf-2017-09/rllaqgzlrxvbfgef.x;1
data/rtf-2017-09/wrquprqyytxlsjdq.x;1
data/rtf-2017-09/wukqbsypuyodyndv.x;1
data/rtf-2017-09/jmqlubulcnahgsis.x;0
data/rtf-2017-09/xcditkdbiydoietz.x;1
data/rtf-2017-09/rtslrientrajxnkr.x;1
data/rtf-2017-09/iwweltejaldgafrw.x;0
data/rtf-2017-09/jbbrvgrivedlwrnw.x;1
data/rtf-2017-09/gbavwtrjbzhmgcxy.x;0
data/rtf-2017-09/lrxezpyjdovveugx.x;1
data/rtf-2017-09/ufpyypbzcvrdfgnc.x;1
data/rtf-2017-09/fllkhdnftgmhmkxm.x;1
data/rtf-2017-09/tlbnljbtqrasqves.x;1
data/rtf-2017-09/ugtfgjwqbceweosp.x;0
data/rtf-2017-09/pfpnqtvcxztsaomo.x;0
data/rtf-2017-09/eiwdpjolsyvasoeo.x;0
data/rtf-2017-09/cyayxnivnbmpxrxu.x;1
data/rtf-2017-09/hvrvxoznpfhloqqc.x;0
data/rtf-2017-09/pzazrruyxubwyfvx.x;1
data/rtf-2017-09/xxgrygaxqpamkuom.x;0
data/rtf-2017-09/tyvjdktjprarwdnm.x;1
data/rtf-2017-09/rpdwgnkrfzspwoyo.x;0
data/rtf-2017-09/kshgztqpglgdihfm.x;1
data/rtf-2017-09/fxbtmfiinmhtfwrf.x;0
data/rtf-2017-09/gxopunnqsmhlzlax.x;1
data/rtf-2017-09/zjmecsxtkadmnvop.x;0
data/rtf-2017-09/yojiqzzjteeeonle.x;1
data/rtf-2017-09/dahdovrpnvrtepvf.x;0
data/rtf-2017-09/tyieivsbkslxzoco.x;1
data/rtf-2017-09/zmpegnyyaksxtqbq.x;0
data/rtf-2017-09/azribmzfawsogjam.x;1
data/rtf-2017-09/nnnwwcjesidpisbl.x;0
data/rtf-2017-09/wcbyhfcauzohvuaw.x;0
data/rtf-2017-09/vbueyavneaqvkhnx.x;1
data/rtf-2017-09/bfnsuqtxnpbrupxk.x;1
data/rtf-2017-09/qfsfmiwjmzavrbwj.x;0
data/rtf-2017-09/cvdstdmwpesggtvh.x;0
data/rtf-2017-09/sebuzhepcspmghyc.x;0
data/rtf-2017-09/degxqdpfesuofokr.x;1
data/rtf-2017-09/ikezgupgluzlnris.x;1
data/rtf-2017-09/utvngesevqnhufpx.x;0
data/rtf-2017-09/rykujjzfjgvvvsrq.x;1
data/rtf-2017-09/gkssztzuqqhedmbw.x;1
data/rtf-2017-09/etdtdhqtvigobbyz.x;1
data/rtf-2017-09/zxulyihiqbvhnrus.x;1
data/rtf-2017-09/ldjuxbkvxejlxueu.x;0
data/rtf-2017-09/hiiqaeysbdhgsrsd.x;1
data/rtf-2017-09/iifujwxibpduxlck.x;0
data/rtf-2017-09/ukcmirpzkpvaygxo.x;1
data/rtf-2017-09/bcfptssvkqobmkxq.x;1
data/rtf-2017-09/qmulmyzlyjviibom.x;0
data/rtf-2017-09/fpescfaquqlpuupy.x;1
data/rtf-2017-09/koxqxlolzkdfjncn.x;1
data/rtf-2017-09/vsdcjyrgjvhukija.x;0
data/rtf-2017-09/iyypqspnmdpwulia.x;0
data/rtf-2017-09/djtfhezlmyonfnve.x;1
data/rtf-2017-09/gldwmcwpexwpgult.x;0
data/rtf-2017-09/rwtesfzkawfdvuip.x;1
data/rtf-2017-09/jintroiqxrksyqkk.x;0
data/rtf-2017-09/yoyrafvvhbarpqnk.x;0
data/rtf-2017-09/xvupycieiilndgdp.x;1
data/rtf-2017-09/iaocfdunqbvwbvcy.x;0
data/rtf-2017-09/rsulfwnpybutcqms.x;0
data/rtf-2017-09/xpbtryviiohkspmo.x;1
data/rtf-2017-09/shrjapggrzstoqmy.x;0
data/rtf-2017-09/vyfnsglkqaoqfdur.x;0
data/rtf-2017-09/ozuxdqpkanduxbrx.x;0
data/rtf-2017-09/xmdeceztuuzfcafe.x;1
data/rtf-2017-09/qauscqxxbvjvhxqr.x;1
data/rtf-2017-09/uuockqfkfvzwsbzr.x;1
data/rtf-2017-09/eipuoujmrfzanjqp.x;0
data/rtf-2017-09/oxlszhaimotrhfrl.x;0
data/rtf-2017-09/fsfcpaeicckqfddf.x;0
data/rtf-2017-09/ibkzhenpbrfvsmll.x;0
data/rtf-2017-09/ilzhjecpynnkcnxy.x;1
data/rtf-2017-09/dhnsissugklthacd.x;0
data/rtf-2017-09/viksorgmqaesrlrf.x;0
data/rtf-2017-09/qkknubrdynfmgtst.x;1
data/rtf-2017-09/iazbistaextliihr.x;0
data/rtf-2017-09/bfrcmnzquxnqneil.x;0
data/rtf-2017-09/bvjehkiigtsteies.x;0
data/rtf-2017-09/hybvijzbciyqlanu.x;1
data/rtf-2017-09/bvlahhjpxszqvjcz.x;1
data/rtf-2017-09/coabbfpwoeoneuar.x;0
data/rtf-2017-09/sxhdbtekacbfetyr.x;0
data/rtf-2017-09/mclknqshzkglbxbv.x;0
data/rtf-2017-09/nxknlpztwnvttzdw.x;1
data/rtf-2017-09/juorvasoxzcvxeul.x;0
data/rtf-2017-09/ijcadwkdpacbtsae.x;1
data/rtf-2017-09/lwheiqiswapcykkk.x;0
data/rtf-2017-09/vonlrnhsflymtyof.x;0
data/rtf-2017-09/lixmugpmzsxgbfig.x;1
data/rtf-2017-09/pxkpekpepbrvnzfv.x;0
data/rtf-2017-09/chdoyxmwsmoqekdm.x;1
data/rtf-2017-09/icatdgplzskmddgf.x;1
data/rtf-2017-09/awjxgefkrlpfrrbt.x;0
data/rtf-2017-09/zqcxgjpcrnlnpmcn.x;0
data/rtf-2017-09/oyjfsydfpsduzslc.x;1
data/rtf-2017-09/izceaugmgzbueevn.x;1
data/rtf-2017-09/ccwkenvtahyqbikj.x;0
data/rtf-2017-09/ecgrvpndztepynxm.x;0
data/rtf-2017-09/ujpwvghvhtvtocah.x;0
data/rtf-2017-09/hejzarpjlqdbxmqe.x;0
data/rtf-2017-09/cyiavdqiwlvgidol.x;1
data/rtf-2017-09/imiwomaciljurjhv.x;1
data/rtf-2017-09/sqtmwvwqxosvwfvy.x;0
data/rtf-2017-09/wehefapluoviviny.x;0
data/rtf-2017-09/umocsmmoviizkpus.x;0
data/rtf-2017-09/csrvuthcoawnsbhi.x;0
data/rtf-2017-09/nrkeufdrczmwyuhe.x;1
data/rtf-2017-09/icwwmzmxjfjziipl.x;0
data/rtf-2017-09/lqrifirpyyvkjgyj.x;1
data/rtf-2017-09/kgjdpklzlisdykxf.x;0
data/rtf-2017-09/sozmbliowmyqsjgt.x;0
data/rtf-2017-09/epnuhxthrkudqzpv.x;0
data/rtf-2017-09/lpkvgmihmiwhlvbk.x;0
data/rtf-2017-09/dzinrkffxjkcolgi.x;0
data/rtf-2017-09/zbkkuojuytvvppmg.x;0
data/rtf-2017-09/orksowvdrnnopqxt.x;1
data/rtf-2017-09/vuijakoaczisadcx.x;1
data/rtf-2017-09/cdbgrqzdmlrxpbnv.x;0
data/rtf-2017-09/luszljvrhfpqedov.x;0
data/rtf-2017-09/acodnxhzwkmgemix.x;0
data/rtf-2017-09/qqmmaddwphorclps.x;0
data/rtf-2017-09/vxybmmraytabayqa.x;1
data/rtf-2017-09/faonksojelgmbcyw.x;1
data/rtf-2017-09/ttzsheqwzglxclhm.x;1
data/rtf-2017-09/xhkvzecunenlblcv.x;1
data/rtf-2017-09/kdxsjsugbirwgofu.x;0
data/rtf-2017-09/jvupfhaxoowsuokn.x;0
data/rtf-2017-09/hujohznovopphmhp.x;1
data/rtf-2017-09/litshdbcsqwzihnn.x;0
data/rtf-2017-09/sakwcnnvpqxcdljm.x;1
data/rtf-2017-09/wryxhayejjquvkab.x;0
data/rtf-2017-09/ggheqgswtpbkoeyh.x;1
data/rtf-2017-09/kqwhhfrxtnejlshr.x;1
data/rtf-2017-09/jbagowiqowsmcndf.x;1
data/rtf-2017-09/utavvcobfezmetng.x;0
data/rtf-2017-09/pqpzywdxcaxcegsm.x;0
data/rtf-2017-09/ezbrltcwokoccmcd.x;0
data/rtf-2017-09/ftpfzijwhlszrtgw.x;1
data/rtf-2017-09/etrkpqzlkvletmis.x;0
data/rtf-2017-09/hgiccnhjbfbbffbr.x;1
data/rtf-2017-09/ktsqumktldrhhlae.x;1
data/rtf-2017-09/ldhgnhbcbbesknlb.x;0
data/rtf-2017-09/xpuvfvbjzitjbafh.x;1
data/rtf-2017-09/pnfrfykdzftuvhvz.x;1
data/rtf-2017-09/gejbuevkzmmrgliq.x;1
data/rtf-2017-09/xnubohwyksjnwmew.x;1
data/rtf-2017-09/lccdtqjurlsujnrk.x;1
data/rtf-2017-09/mvwxvylfgvkvjcfs.x;0
data/rtf-2017-09/bptybfnolohcqiry.x;0
data/rtf-2017-09/jdvroqqbctuidlun.x;0
data/rtf-2017-09/crolkolvdifguxzr.x;1
data/rtf-2017-09/jfhjrjrzxbwgzcdp.x;0
data/rtf-2017-09/ctbreijpyysbdidf.x;1
data/rtf-2017-09/bvmargalixfatzkm.x;0
data/rtf-2017-09/oswqjxnpohrrgycb.x;0
data/rtf-2017-09/rszizlkjhoqjzcbx.x;1
data/rtf-2017-09/wyvncwzhaxsnieue.x;1
data/rtf-2017-09/ffpdieswyjhonxfh.x;0
data/rtf-2017-09/qqcsudowpguhhqoq.x;1
data/rtf-2017-09/blttxkmoejlyeffy.x;1
data/rtf-2017-09/bopzzflfiyfalasq.x;0
data/rtf-2017-09/jjetjbakzcdiybxp.x;1
data/rtf-2017-09/mubtqbbiqkomnhox.x;0
data/rtf-2017-09/aniytxbmyyipglqk.x;0
data/rtf-2017-09/crndmsejydvijosr.x;0
data/rtf-2017-09/gchtjkareuhoovfz.x;0
data/rtf-2017-09/iytpiqbyluuhflge.x;0
data/rtf-2017-09/xjefxmcpowhgvdce.x;1
data/rtf-2017-09/akthwpdukjjzhjcr.x;0
data/rtf-2017-09/xxgdizdodyisovko.x;1
data/rtf-2017-09/uggbkefuukvnhbjx.x;0
data/rtf-2017-09/nvxyfizjvgowfmsi.x;0
data/rtf-2017-09/poivaglqjpikjxoh.x;1
data/rtf-2017-09/zmfwkwrehbagyite.x;1
data/rtf-2017-09/yfzgrdufpvzqxnej.x;1
data/rtf-2017-09/dzzfwghkuihdqzul.x;0
data/rtf-2017-09/gglkefnzvhgmudww.x;0
data/rtf-2017-09/nbduumjncknonnmo.x;0
data/rtf-2017-09/icozqaxfngzxxfrf.x;0
data/rtf-2017-09/cjwprtihisomuqcb.x;0
data/rtf-2017-09/eyfrramzadqhvbcn.x;0
data/rtf-2017-09/nfmkzmzcgyjnotsj.x;1
data/rtf-2017-09/bkvhyidddvrbsezl.x;1
data/rtf-2017-09/rcezqzggvtwwrrwp.x;1
data/rtf-2017-09/sdtcjtcunnuqipny.x;0
data/rtf-2017-09/nssrkmqjcfljvzrf.x;1
data/rtf-2017-09/bzyjfzytjfmgudnt.x;0
data/rtf-2017-09/ttipzirvxiqlqcnj.x;0
data/rtf-2017-09/jvhidulyxmavuyoh.x;1
data/rtf-2017-09/kgvtsdyxzfeiohdc.x;1
data/rtf-2017-09/hpzeoxktkrdnyrrs.x;1
data/rtf-2017-09/raywpqkffdewcddi.x;1
data/rtf-2017-09/htnkcorwumpovtwc.x;0
data/rtf-2017-09/pustcfbcpommtkph.x;0
data/rtf-2017-09/nsmaoaxbpxgtxngr.x;1
data/rtf-2017-09/bxwqxqhzhxymosjl.x;1
data/rtf-2017-09/anxvrckfzryuendq.x;0
data/rtf-2017-09/jtcymwlcwhbecuif.x;0
data/rtf-2017-09/sqfmxjbnvlatolkg.x;1
data/rtf-2017-09/cffhxrdbslrophrl.x;0
data/rtf-2017-09/yiqksrbcsegjnjvz.x;0
data/rtf-2017-09/cxynkqxkktktadlp.x;0
data/rtf-2017-09/uxidcvryvnnmgibv.x;1
data/rtf-2017-09/fgmkerzssdwegphl.x;0
data/rtf-2017-09/lsclevkmyxtqotcq.x;0
data/rtf-2017-09/ekiufjxqtijqebdu.x;0
data/rtf-2017-09/mpbaqkkfitmayapi.x;1
data/rtf-2017-09/wdxfzmhvzqpbfzfw.x;1
data/rtf-2017-09/rhdjikjnluzrezlc.x;0
data/rtf-2017-09/ujrahoekfowqwvpq.x;1
data/rtf-2017-09/njlegmjxbilsmahy.x;0
data/rtf-2017-09/wjhpioqxgmucgfoh.x;1
data/rtf-2017-09/gjgprrrtquljhckp.x;1
data/rtf-2017-09/hllrqxlrlxebugmp.x;1
data/rtf-2017-09/dgwasuujjcdscvze.x;1
data/rtf-2017-09/kljsrolvwaxwjfpz.x;1
data/rtf-2017-09/iggzqawkiintauax.x;0
data/rtf-2017-09/plvxuwzcnymsihxv.x;1
data/rtf-2017-09/wxspkowolpnhbcqa.x;0
data/rtf-2017-09/dcrumgsajgbrhiss.x;0
data/rtf-2017-09/camndzdeparhxfnq.x;0
data/rtf-2017-09/dmhoigeyaxxkezmq.x;1
data/rtf-2017-09/emftubuyzsybbuho.x;1
data/rtf-2017-09/tjtlskrlhhgvltyf.x;1
data/rtf-2017-09/xqqqeacnxppfsvbj.x;1
data/rtf-2017-09/cvbvgmkmmlhlprdg.x;0
data/rtf-2017-09/gjieyvwtgvfarspi.x;1
data/rtf-2017-09/glpykkkllreyyvhr.x;0
data/rtf-2017-09/pboctcgqbvhlldjm.x;1
data/rtf-2017-09/xnpzfuzqqxejawsh.x;0
data/rtf-2017-09/rfptbfygwunmvgvz.x;1
data/rtf-2017-09/ybfgqilndjbrkoaz.x;1
data/rtf-2017-09/uwcrkcxdjhthireh.x;1
data/rtf-2017-09/wjizovvlvfdqyzgc.x;0
data/rtf-2017-09/emyufqzitpytbnpy.x;0
data/rtf-2017-09/emwpmrzrrgwyyhzo.x;0
data/rtf-2017-09/bxobersmvihsneaw.x;1
data/rtf-2017-09/ydrqxhlhdxbxndvu.x;0
data/rtf-2017-09/xpqlhvlpsmcympgj.x;1
data/rtf-2017-09/oxzbtzkkjfyhqqgs.x;0
data/rtf-2017-09/ybdmtbhhuyakodon.x;1
data/rtf-2017-09/bhcsoeafwkkikxis.x;1
data/rtf-2017-09/txrbvettanzhikue.x;0
data/rtf-2017-09/zedhcizxvfndgbep.x;1
data/rtf-2017-09/pdgmxmkykyjhbosx.x;1
data/rtf-2017-09/jsgdodfmsydrllal.x;0
data/rtf-2017-09/rtmuskxflgonucps.x;1
data/rtf-2017-09/gebsrsitowmtrujh.x;0
data/rtf-2017-09/plcszcfvdgvzdtva.x;0
data/rtf-2017-09/xfjthnqavvbrxyra.x;1
data/rtf-2017-09/niqopohhxrzwviyy.x;0
data/rtf-2017-09/ibmciqlprmtwlqkt.x;0
data/rtf-2017-09/xtjwcalbluizpkhh.x;0
data/rtf-2017-09/kphjoragabngeotx.x;0
data/rtf-2017-09/axloapctustpszxd.x;1
data/rtf-2017-09/vnnuxisaremipbsi.x;0
data/rtf-2017-09/jfsbkaacwokkpjnu.x;1
data/rtf-2017-09/bfbnehgnsjojjiel.x;0
data/rtf-2017-09/mtvgkvilsehtwsqs.x;0
data/rtf-2017-09/ycpbekdvxrnhnrez.x;1
data/rtf-2017-09/swtricjalkxfhnpj.x;0
data/rtf-2017-09/zgmtgehfeilxuuod.x;1
data/rtf-2017-09/svvubvpfpvndvnqp.x;1
data/rtf-2017-09/mrtwcggpwikjsnhl.x;0
data/rtf-2017-09/clfdqqmavbxvvpue.x;1
data/rtf-2017-09/rzawecjiwgfxdbtb.x;0
data/rtf-2017-09/psfxrvmtpxzrprfw.x;0
data/rtf-2017-09/ejkmckxuehqsiwjh.x;0
data/rtf-2017-09/iewhyacobmorvima.x;1
data/rtf-2017-09/zojnsptnmwwghess.x;0
data/rtf-2017-09/qjcjontoexbzktpt.x;0
data/rtf-2017-09/klcvwgnfmeipshso.x;1
data/rtf-2017-09/mxyfccmladvjdiie.x;0
data/rtf-2017-09/poxakxvztlerbrdy.x;0
data/rtf-2017-09/lwefshhpfgbphfoi.x;1
data/rtf-2017-09/hxghngxammnlbris.x;0
data/rtf-2017-09/qswlyimqblxiysiq.x;0
data/rtf-2017-09/jvxllilwepdlfnmq.x;0
data/rtf-2017-09/qtlgqisdglujjsft.x;1
data/rtf-2017-09/dcjscvhmdvwznnko.x;0
data/rtf-2017-09/ncakwhtxxozifals.x;0
data/rtf-2017-09/wuhagzuifceynxpa.x;1
data/rtf-2017-09/dcvzqbvtvkmybiqq.x;0
data/rtf-2017-09/xfxmrrorhxjopljo.x;1
data/rtf-2017-09/tvimkkppcxwctpwk.x;1
data/rtf-2017-09/jqjwwrnacizljbmk.x;0
data/rtf-2017-09/izfvmhrsbfnhdvzl.x;1
data/rtf-2017-09/jvlrwkxycynetdcj.x;1
data/rtf-2017-09/mlvesnuqfuhjrgud.x;1
data/rtf-2017-09/uilrldvkqqwdpnxd.x;1
data/rtf-2017-09/dpiqaepjaydaqlsc.x;0
data/rtf-2017-09/boqpvqdepsrpraur.x;0
data/rtf-2017-09/yffqtqmtqmqnrhgn.x;1
data/rtf-2017-09/dlbbphdeyuizqjai.x;1
data/rtf-2017-09/vtkbrnohcurfsfgn.x;1
data/rtf-2017-09/uzyjmwkywpqxnziq.x;1
data/rtf-2017-09/zazzzlluvhvwxefd.x;1
data/rtf-2017-09/mjndgplffuiizlpv.x;1
data/rtf-2017-09/cogtiouldyhfxsuy.x;0
data/rtf-2017-09/lawbdbbmzcfokpmx.x;0
data/rtf-2017-09/lcsuuicpyljdrmhw.x;0
data/rtf-2017-09/hbhfudljhewiigag.x;1
data/rtf-2017-09/tblygszcelnldivv.x;1
data/rtf-2017-09/encgihvrkhqtryog.x;0
data/rtf-2017-09/lnhxyawqvxmitner.x;1
data/rtf-2017-09/cxilwqtmvqdvbowr.x;0
data/rtf-2017-09/blgbbfjxxicmnkeh.x;0
data/rtf-2017-09/gxxveaoqvzlirbkt.x;1
data/rtf-2017-09/npbspnfbajcabcpl.x;1
data/rtf-2017-09/sfnqjbalmrqassnr.x;0
data/rtf-2017-09/mjbepdbjsdsyyoqf.x;0
data/rtf-2017-09/dhzmxiqegbvzmins.x;0
data/rtf-2017-09/uocinhinvhiqvfnj.x;0
data/rtf-2017-09/slouxdffjagplcia.x;0
data/rtf-2017-09/xddbgfrwvtafuwif.x;0
data/rtf-2017-09/mojlezphfrtjhsmm.x;0
data/rtf-2017-09/mvzdhmvqatqrrsri.x;0
data/rtf-2017-09/hwlzfmenfugmosga.x;0
data/rtf-2017-09/mpjqqkcwufekzbha.x;0
data/rtf-2017-09/hzqiwqscqwlaxfvw.x;0
data/rtf-2017-09/ssmnniqfxyndskji.x;0
data/rtf-2017-09/ofqdgbmpwuzioatq.x;1
data/rtf-2017-09/whjhkdagroievjhz.x;0
data/rtf-2017-09/opxynubrchylkttz.x;1
data/rtf-2017-09/lcmdepiamzmbugvo.x;0
data/rtf-2017-09/rfpytlpalpdtolhr.x;1
data/rtf-2017-09/lebkjcmjwwrvgido.x;0
data/rtf-2017-09/aknjeyahtmvoifba.x;1
data/rtf-2017-09/iyvvnmdtgejzooxi.x;1
data/rtf-2017-09/rkilomufjtbqoipe.x;0
data/rtf-2017-09/ygtsjywopndhwidx.x;0
data/rtf-2017-09/fxnwqvabkqpngisb.x;1
data/rtf-2017-09/nnhatnghtdrpdxzy.x;1
data/rtf-2017-09/ipdbydevzbolpilq.x;1
data/rtf-2017-09/skadobysrycnvjya.x;0
data/rtf-2017-09/vqbeptkozwgkvsas.x;0
data/rtf-2017-09/rsmvfmruutdxurgy.x;0
data/rtf-2017-09/tgkvoltcwpxeagqi.x;1
data/rtf-2017-09/wmehplxbzlzbzxgx.x;1
data/rtf-2017-09/tmbrpatclgyjkawd.x;1
data/rtf-2017-09/viqhfxwsjihqixrg.x;1
data/rtf-2017-09/wpgeugfbgmxcdpia.x;1
data/rtf-2017-09/bsjmefkqzilocbkl.x;1
data/rtf-2017-09/mytgxsybcqjfwygf.x;0
data/rtf-2017-09/capafhaegmuxsgmn.x;0
data/rtf-2017-09/etbcruoslldpurfc.x;0
data/rtf-2017-09/klyspkcejgoxzcza.x;0
data/rtf-2017-09/rwiddpcukmcumrya.x;1
data/rtf-2017-09/gmeqdtrbcntspanf.x;0
data/rtf-2017-09/jmxhgxzuskzkfvtq.x;0
data/rtf-2017-09/awugymojsdcljfyo.x;1
data/rtf-2017-09/mdwmbpxrmwoyzlnx.x;1
data/rtf-2017-09/qenowcdusxtpahmv.x;0
data/rtf-2017-09/rynvpnddxowbbsoa.x;0
data/rtf-2017-09/njzdsrlisndeniks.x;1
data/rtf-2017-09/dtlatznfmulkdgzf.x;1
data/rtf-2017-09/tblmcjsvrjpmslbt.x;0
data/rtf-2017-09/ipqihxrodqethgim.x;1
data/rtf-2017-09/jqnfycuxxjqkyepe.x;1
data/rtf-2017-09/peezbvsaozfmzqgj.x;0
data/rtf-2017-09/rdvxamlglvcbjrts.x;1
data/rtf-2017-09/jojczhsufycpdmhz.x;0
data/rtf-2017-09/ygavmoscbdfcvyfa.x;0
data/rtf-2017-09/xpoqsdvdejumzrmz.x;1
data/rtf-2017-09/tecalknmfeuftnja.x;0
data/rtf-2017-09/msysnyjhbrceflfp.x;0
data/rtf-2017-09/jrubdjghonhxlfic.x;1
data/rtf-2017-09/slpyrvsldfumkpny.x;1
data/rtf-2017-09/zlaglqjlnmwsgnle.x;0
data/rtf-2017-09/axtdtulthtgwudie.x;0
data/rtf-2017-09/aooofqicmjjdpcep.x;1
data/rtf-2017-09/yjetclqjvkojeohx.x;0
data/rtf-2017-09/hziaxreckdbidzlm.x;1
data/rtf-2017-09/smghthgcamvkofod.x;1
data/rtf-2017-09/roaocozrqgxvipin.x;1
data/rtf-2017-09/dcplhwkgcwoztnoq.x;1
data/rtf-2017-09/lqkdxxqrruyqefnr.x;1
data/rtf-2017-09/vkdmzjnmuylvvjtp.x;0
data/rtf-2017-09/mzfhxpghhdgxbtym.x;1
data/rtf-2017-09/xraupsyeincvvele.x;0
data/rtf-2017-09/gngtugspxeigisjw.x;0
data/rtf-2017-09/tbddcudzajfpvutv.x;1
data/rtf-2017-09/icyiwvjtkogetkfx.x;0
data/rtf-2017-09/tdovaympjkokgibb.x;0
data/rtf-2017-09/iaazvglyfzgczaou.x;1
data/rtf-2017-09/asstmlnfejeepppb.x;1
data/rtf-2017-09/skvmyyrruekatlch.x;0
data/rtf-2017-09/swigxfkgfxstefii.x;0
data/rtf-2017-09/rzngaofjmdcbflmx.x;1
data/rtf-2017-09/frxakojstjfiyycr.x;0
data/rtf-2017-09/fqwmuhbfjtheietd.x;1
data/rtf-2017-09/hgogdbvmtiadeyle.x;1
data/rtf-2017-09/nffchvmeasbjaniy.x;1
data/rtf-2017-09/vgaipjdjoxurddif.x;1
data/rtf-2017-09/rsojaxdkkyfgzbtl.x;0
data/rtf-2017-09/guqbtttwnkhmysut.x;1
data/rtf-2017-09/sogbcwhsurvfbttc.x;1
data/rtf-2017-09/eebgiwnocbqzlkqq.x;1
data/rtf-2017-09/edwknnraqmysbemf.x;0
data/rtf-2017-09/wqrvouorldwuzyqq.x;1
data/rtf-2017-09/iofbsnuxwzobrhqh.x;0
data/rtf-2017-09/mnduorixaevrrrhz.x;1
data/rtf-2017-09/qrlefiactbjbncws.x;1
data/rtf-2017-09/nultrlzdpjoxxuxy.x;1
data/rtf-2017-09/ladrsurfhaivykkf.x;1
data/rtf-2017-09/eyhrtdbctrsdwjkz.x;0
data/rtf-2017-09/pctuyguvrwmdsqbm.x;0
data/rtf-2017-09/jjixtnpcvoucnebn.x;1
data/rtf-2017-09/wtbigvvuekvfncbb.x;0
data/rtf-2017-09/cszkcpavqcwtinjc.x;0
data/rtf-2017-09/cbgfmdeqdntsshfu.x;0
data/rtf-2017-09/iymasovlqzzbmsyq.x;0
data/rtf-2017-09/gsgkmnerqvfepvbx.x;1
data/rtf-2017-09/cvjntaeiboptsawa.x;0
data/rtf-2017-09/pfhuoxrztvahxzxx.x;1
data/rtf-2017-09/vwqhxxoisnakistx.x;1
data/rtf-2017-09/hwyaguxtcyjoexgd.x;1
data/rtf-2017-09/mlqvulbwunabzjev.x;1
data/rtf-2017-09/lrmgmcfpnajlinsu.x;1
data/rtf-2017-09/yezqsywhlouslked.x;0
data/rtf-2017-09/ahilvipibovwzwdz.x;0
data/rtf-2017-09/ghsnzmaubsusbsdj.x;1
data/rtf-2017-09/bfjibrjkvdogdbuw.x;1
data/rtf-2017-09/jfranskqwobhvjbg.x;0
data/rtf-2017-09/jyvgftijtgogmafz.x;1
data/rtf-2017-09/bawhdsyjrmdddbuz.x;0
data/rtf-2017-09/xizfaabrccezbxpv.x;0
data/rtf-2017-09/njefumuxxmsvipny.x;1
data/rtf-2017-09/mfhuseyneyhyyfaa.x;1
data/rtf-2017-09/nxknmjvbbgqwxsqc.x;1
data/rtf-2017-09/hvogmfnfqrcqwbfm.x;1
data/rtf-2017-09/airetsplttepvtxt.x;0
data/rtf-2017-09/svyjaknerkbvhgth.x;0
data/rtf-2017-09/evwaibaqtrjcfmat.x;1
data/rtf-2017-09/pqwzuekfayhanako.x;0
data/rtf-2017-09/ahfoaceofunevjkm.x;0
data/rtf-2017-09/ybwpfkyzenzaynga.x;1
data/rtf-2017-09/kvideooignryexvd.x;1
data/rtf-2017-09/xfajegjjyzcljlqh.x;1
data/rtf-2017-09/vfcbjlvcdjqtilek.x;0
data/rtf-2017-09/vkohdzkshshaimet.x;0
data/rtf-2017-09/rgvzzoaojrzwwllq.x;0
data/rtf-2017-09/oszuvkyinsorpudu.x;0
data/rtf-2017-09/kcqxstevrlonrarv.x;0
data/rtf-2017-09/wjaupjeezupbirtu.x;1
data/rtf-2017-09/zhnukdneqkljajcm.x;0
data/rtf-2017-09/ieqmnehwmxcnbens.x;0
data/rtf-2017-09/buaolefctvrrtssy.x;0
data/rtf-2017-09/unpwzicdddxlzdao.x;1
data/rtf-2017-09/jcciluvqfndqxqvj.x;1
data/rtf-2017-09/iagclyalchikvcfm.x;1
data/rtf-2017-09/atcmjojeoixhcjng.x;1
data/rtf-2017-09/vbvwzcxhbjtzieup.x;1
data/rtf-2017-09/urewkanejhnocpqg.x;1
data/rtf-2017-09/bumjpnhfxzgizmju.x;1
data/rtf-2017-09/nrbtvcyjishvoakw.x;0
data/rtf-2017-09/jmgtglbpwqbpsxhl.x;1
data/rtf-2017-09/qxpmypyfzqnzylkk.x;1
data/rtf-2017-09/mxjytlwimxnuhquc.x;0
data/rtf-2017-09/fqhpdedpuidtudur.x;0
data/rtf-2017-09/kvydyegczaokrfbh.x;0
data/rtf-2017-09/caepvxuxwfxkroga.x;0
data/rtf-2017-09/vicifxtqhvbqdvqa.x;0
data/rtf-2017-09/ujpprnvlcjmujsbz.x;0
data/rtf-2017-09/mnwtfemckjzabjti.x;1
data/rtf-2017-09/ixrpjponfopcazdx.x;0
data/rtf-2017-09/fzdcsawnxzuekayw.x;1
data/rtf-2017-09/pcfifxpqdvsteobw.x;0
data/rtf-2017-09/qkofhedszkzbllqf.x;0
data/rtf-2017-09/yuvcbtbfpuagdsoq.x;0
data/rtf-2017-09/bslnftojbzhdxcxh.x;0
data/rtf-2017-09/prbyzqctghekuakg.x;1
data/rtf-2017-09/sjscabypmcglbomw.x;0
data/rtf-2017-09/wzqghvvbmbqetqgx.x;1
data/rtf-2017-09/yyssrrbmmeacsepo.x;0
data/rtf-2017-09/gagepfkxszmgcpdj.x;1
data/rtf-2017-09/osxyvfqehrkpxbgf.x;0
data/rtf-2017-09/dyvdwfsfxlrhqziz.x;1
data/rtf-2017-09/qjhukjeedrkikoiw.x;1
data/rtf-2017-09/qmvblhjaglyfltcr.x;0
data/rtf-2017-09/hchfzkvykcavokfq.x;0
data/rtf-2017-09/dspfzlixvyweocuo.x;0
data/rtf-2017-09/dxcoizhrnknthceh.x;0
data/rtf-2017-09/ddixnqcmlbbkcvtc.x;1
data/rtf-2017-09/wasjblwszyprqpef.x;0
data/rtf-2017-09/eokzcmspcbwajfej.x;0
data/rtf-2017-09/fykcfxkjmndvpxix.x;0
data/rtf-2017-09/lnxayhljwkybuksu.x;0
data/rtf-2017-09/uqaxydbhvkrjpfcv.x;0
data/rtf-2017-09/zdcpiypzncrdelvl.x;1
data/rtf-2017-09/hcjhepluaorzheyg.x;1
data/rtf-2017-09/nkjikhkhzapfivey.x;0
data/rtf-2017-09/zgmawcrrtaeldtsi.x;1
data/rtf-2017-09/gqqlqaoydbeunsfw.x;1
data/rtf-2017-09/nannthvdsntibeip.x;1
data/rtf-2017-09/pycjolhdiujhggmz.x;0
data/rtf-2017-09/xyjtfrwbzwvvxaky.x;0
data/rtf-2017-09/dchhglfckzusbvht.x;0
data/rtf-2017-09/ndlbqiitquwychpq.x;1
data/rtf-2017-09/izwzbvwgfszhgxyw.x;1
data/rtf-2017-09/yuedolyjcebobzvj.x;0
data/rtf-2017-09/ruikvunheqrzagnl.x;1
data/rtf-2017-09/izwrkzkctnpnzxcn.x;0
data/rtf-2017-09/ilaycbxrnfnkoayp.x;1
data/rtf-2017-09/jctdpfrtlgsuhdeg.x;0
